device_id,timestamp,sdk_timestamp,temperature,humidity,created_at
c8fe6573-3d81-4d22-b6c5-0c7929d0f97e,1641983220,1641983220,24.0,45,2022-01-12 10:27:01 UTC
c8fe6573-3d81-4d22-b6c5-0c7929d0f97e,1641983160,1641983161,23.9,45,2022-01-12 10:27:01 UTC
c8fe6573-3d81-4d22-b6c5-0c7929d0f97e,1641983100,1641983101,24.0,45,2022-01-12 10:27:01 UTC
c8fe6573-3d81-4d22-b6c5-0c7929d0f97e,1641983040,1641983040,23.9,45,2022-01-12 10:27:01 UTC
c8fe6573-3d81-4d22-b6c5-0c7929d0f97e,1641982980,1641982980,23.9,45,2022-01-12 10:27:01 UTC
c8fe6573-3d81-4d22-b6c5-0c7929d0f97e,1641982920,1641982920,24.0,45,2022-01-12 10:27:01 UTC
c8fe6573-3d81-4d22-b6c5-0c7929d0f97e,1641982860,1641982860,23.9,45,2022-01-12 10:27:01 UTC
c8fe6573-3d81-4d22-b6c5-0c7929d0f97e,1641982800,1641982800,23.9,45,2022-01-12 10:27:01 UTC
c8fe6573-3d81-4d22-b6c5-0c7929d0f97e,1641982740,1641982740,24.0,46,2022-01-12 10:27:01 UTC
c8fe6573-3d81-4d22-b6c5-0c7929d0f97e,1641982680,1641982680,24.0,45,2022-01-12 10:27:01 UTC
c8fe6573-3d81-4d22-b6c5-0c7929d0f97e,1641982620,1641982620,23.9,45,2022-01-12 10:27:01 UTC
c8fe6573-3d81-4d22-b6c5-0c7929d0f97e,1641982560,1641982560,24.0,45,2022-01-12 10:27:01 UTC
c8fe6573-3d81-4d22-b6c5-0c7929d0f97e,1641982500,1641982500,24.0,45,2022-01-12 10:15:02 UTC
c8fe6573-3d81-4d22-b6c5-0c7929d0f97e,1641982440,1641982440,24.0,45,2022-01-12 10:15:02 UTC
c8fe6573-3d81-4d22-b6c5-0c7929d0f97e,1641982380,1641982380,24.0,45,2022-01-12 10:15:02 UTC
c8fe6573-3d81-4d22-b6c5-0c7929d0f97e,1641982320,1641982320,24.0,45,2022-01-12 10:15:02 UTC
c8fe6573-3d81-4d22-b6c5-0c7929d0f97e,1641982260,1641982260,24.0,45,2022-01-12 10:15:02 UTC
c8fe6573-3d81-4d22-b6c5-0c7929d0f97e,1641982200,1641982200,24.0,45,2022-01-12 10:15:02 UTC
c8fe6573-3d81-4d22-b6c5-0c7929d0f97e,1641982140,1641982140,24.0,45,2022-01-12 10:15:02 UTC
c8fe6573-3d81-4d22-b6c5-0c7929d0f97e,1641982080,1641982080,24.0,45,2022-01-12 10:15:02 UTC
c8fe6573-3d81-4d22-b6c5-0c7929d0f97e,1641982020,1641982020,24.0,45,2022-01-12 10:15:02 UTC
c8fe6573-3d81-4d22-b6c5-0c7929d0f97e,1641981960,1641981960,24.1,45,2022-01-12 10:15:02 UTC
c8fe6573-3d81-4d22-b6c5-0c7929d0f97e,1641981900,1641981900,24.1,45,2022-01-12 10:15:02 UTC
c8fe6573-3d81-4d22-b6c5-0c7929d0f97e,1641981840,1641981840,24.1,45,2022-01-12 10:15:02 UTC
c8fe6573-3d81-4d22-b6c5-0c7929d0f97e,1641981780,1641981780,24.1,45,2022-01-12 10:03:01 UTC
c8fe6573-3d81-4d22-b6c5-0c7929d0f97e,1641981720,1641981720,24.1,45,2022-01-12 10:03:01 UTC
c8fe6573-3d81-4d22-b6c5-0c7929d0f97e,1641981661,1641981662,24.1,45,2022-01-12 10:03:01 UTC
c8fe6573-3d81-4d22-b6c5-0c7929d0f97e,1641981601,1641981601,24.2,45,2022-01-12 10:03:01 UTC
c8fe6573-3d81-4d22-b6c5-0c7929d0f97e,1641981541,1641981541,24.2,45,2022-01-12 10:03:01 UTC
c8fe6573-3d81-4d22-b6c5-0c7929d0f97e,1641981481,1641981481,24.2,45,2022-01-12 10:03:01 UTC
c8fe6573-3d81-4d22-b6c5-0c7929d0f97e,1641981421,1641981422,24.2,45,2022-01-12 10:03:01 UTC
c8fe6573-3d81-4d22-b6c5-0c7929d0f97e,1641981361,1641981361,24.2,45,2022-01-12 10:03:01 UTC
c8fe6573-3d81-4d22-b6c5-0c7929d0f97e,1641981301,1641981301,24.2,45,2022-01-12 10:03:01 UTC
c8fe6573-3d81-4d22-b6c5-0c7929d0f97e,1641981181,1641981180,24.1,45,2022-01-12 10:03:01 UTC
c8fe6573-3d81-4d22-b6c5-0c7929d0f97e,1641981121,1641981121,24.2,45,2022-01-12 10:03:01 UTC
c8fe6573-3d81-4d22-b6c5-0c7929d0f97e,1641981061,1641981061,24.2,45,2022-01-12 10:03:01 UTC
c8fe6573-3d81-4d22-b6c5-0c7929d0f97e,1641981001,1641981001,24.2,45,2022-01-12 09:50:02 UTC
c8fe6573-3d81-4d22-b6c5-0c7929d0f97e,1641980941,1641980942,24.2,46,2022-01-12 09:50:02 UTC
c8fe6573-3d81-4d22-b6c5-0c7929d0f97e,1641980881,1641980882,24.2,46,2022-01-12 09:50:02 UTC
c8fe6573-3d81-4d22-b6c5-0c7929d0f97e,1641980821,1641980821,24.2,46,2022-01-12 09:50:02 UTC
c8fe6573-3d81-4d22-b6c5-0c7929d0f97e,1641980701,1641980702,24.1,46,2022-01-12 09:50:02 UTC
c8fe6573-3d81-4d22-b6c5-0c7929d0f97e,1641980580,1641980580,24.1,46,2022-01-12 09:50:02 UTC
c8fe6573-3d81-4d22-b6c5-0c7929d0f97e,1641980520,1641980520,24.1,46,2022-01-12 09:50:02 UTC
c8fe6573-3d81-4d22-b6c5-0c7929d0f97e,1641980460,1641980460,24.1,46,2022-01-12 09:50:02 UTC
c8fe6573-3d81-4d22-b6c5-0c7929d0f97e,1641980400,1641980400,24.1,46,2022-01-12 09:50:02 UTC
c8fe6573-3d81-4d22-b6c5-0c7929d0f97e,1641980340,1641980340,24.1,46,2022-01-12 09:50:02 UTC
c8fe6573-3d81-4d22-b6c5-0c7929d0f97e,1641980280,1641980280,24.1,46,2022-01-12 09:50:02 UTC
c8fe6573-3d81-4d22-b6c5-0c7929d0f97e,1641980220,1641980220,24.1,46,2022-01-12 09:37:01 UTC
c8fe6573-3d81-4d22-b6c5-0c7929d0f97e,1641980160,1641980160,24.1,46,2022-01-12 09:37:01 UTC
c8fe6573-3d81-4d22-b6c5-0c7929d0f97e,1641980100,1641980100,24.1,46,2022-01-12 09:37:01 UTC
c8fe6573-3d81-4d22-b6c5-0c7929d0f97e,1641980040,1641980040,24.1,46,2022-01-12 09:37:01 UTC
c8fe6573-3d81-4d22-b6c5-0c7929d0f97e,1641979982,1641979982,24.1,46,2022-01-12 09:37:01 UTC
c8fe6573-3d81-4d22-b6c5-0c7929d0f97e,1641979922,1641979922,24.1,46,2022-01-12 09:37:01 UTC
c8fe6573-3d81-4d22-b6c5-0c7929d0f97e,1641979862,1641979862,24.1,46,2022-01-12 09:37:01 UTC
c8fe6573-3d81-4d22-b6c5-0c7929d0f97e,1641979802,1641979802,24.1,46,2022-01-12 09:37:01 UTC
c8fe6573-3d81-4d22-b6c5-0c7929d0f97e,1641979742,1641979742,24.1,46,2022-01-12 09:37:01 UTC
c8fe6573-3d81-4d22-b6c5-0c7929d0f97e,1641979682,1641979682,24.1,46,2022-01-12 09:37:01 UTC
c8fe6573-3d81-4d22-b6c5-0c7929d0f97e,1641979622,1641979623,24.1,46,2022-01-12 09:37:01 UTC
c8fe6573-3d81-4d22-b6c5-0c7929d0f97e,1641979562,1641979562,24.1,46,2022-01-12 09:37:01 UTC
c8fe6573-3d81-4d22-b6c5-0c7929d0f97e,1641979502,1641979502,24.1,46,2022-01-12 09:25:03 UTC
c8fe6573-3d81-4d22-b6c5-0c7929d0f97e,1641979442,1641979442,24.1,46,2022-01-12 09:25:03 UTC
c8fe6573-3d81-4d22-b6c5-0c7929d0f97e,1641979382,1641979382,24.1,46,2022-01-12 09:25:03 UTC
c8fe6573-3d81-4d22-b6c5-0c7929d0f97e,1641979322,1641979322,24.1,46,2022-01-12 09:25:03 UTC
c8fe6573-3d81-4d22-b6c5-0c7929d0f97e,1641979262,1641979262,24.1,46,2022-01-12 09:25:03 UTC
c8fe6573-3d81-4d22-b6c5-0c7929d0f97e,1641979202,1641979202,24.1,46,2022-01-12 09:25:03 UTC
c8fe6573-3d81-4d22-b6c5-0c7929d0f97e,1641979142,1641979142,24.1,46,2022-01-12 09:25:03 UTC
c8fe6573-3d81-4d22-b6c5-0c7929d0f97e,1641979082,1641979082,24.1,46,2022-01-12 09:25:03 UTC
c8fe6573-3d81-4d22-b6c5-0c7929d0f97e,1641979022,1641979022,24.2,46,2022-01-12 09:25:03 UTC
c8fe6573-3d81-4d22-b6c5-0c7929d0f97e,1641978962,1641978962,24.2,46,2022-01-12 09:25:03 UTC
c8fe6573-3d81-4d22-b6c5-0c7929d0f97e,1641978902,1641978902,24.2,46,2022-01-12 09:25:03 UTC
c8fe6573-3d81-4d22-b6c5-0c7929d0f97e,1641978842,1641978842,24.2,46,2022-01-12 09:25:03 UTC
c8fe6573-3d81-4d22-b6c5-0c7929d0f97e,1641978782,1641978782,24.2,46,2022-01-12 09:13:03 UTC
c8fe6573-3d81-4d22-b6c5-0c7929d0f97e,1641978722,1641978722,24.2,46,2022-01-12 09:13:03 UTC
c8fe6573-3d81-4d22-b6c5-0c7929d0f97e,1641978662,1641978662,24.2,46,2022-01-12 09:13:03 UTC
c8fe6573-3d81-4d22-b6c5-0c7929d0f97e,1641978602,1641978602,24.2,46,2022-01-12 09:13:03 UTC
c8fe6573-3d81-4d22-b6c5-0c7929d0f97e,1641978542,1641978542,24.3,46,2022-01-12 09:13:03 UTC
c8fe6573-3d81-4d22-b6c5-0c7929d0f97e,1641978482,1641978483,24.3,46,2022-01-12 09:13:03 UTC
c8fe6573-3d81-4d22-b6c5-0c7929d0f97e,1641978368,1641978364,24.3,46,2022-01-12 09:13:03 UTC
c8fe6573-3d81-4d22-b6c5-0c7929d0f97e,1641978248,1641978242,24.3,46,2022-01-12 09:13:03 UTC
c8fe6573-3d81-4d22-b6c5-0c7929d0f97e,1641978188,1641978182,24.4,46,2022-01-12 09:13:03 UTC
c8fe6573-3d81-4d22-b6c5-0c7929d0f97e,1641978128,1641978123,24.3,46,2022-01-12 09:13:03 UTC
c8fe6573-3d81-4d22-b6c5-0c7929d0f97e,1641978068,1641978062,24.3,46,2022-01-12 09:13:03 UTC
c8fe6573-3d81-4d22-b6c5-0c7929d0f97e,1641978008,1641978004,24.3,46,2022-01-12 09:13:03 UTC
c8fe6573-3d81-4d22-b6c5-0c7929d0f97e,1641977948,1641977942,24.3,46,2022-01-12 08:59:05 UTC
c8fe6573-3d81-4d22-b6c5-0c7929d0f97e,1641977888,1641977882,24.3,46,2022-01-12 08:59:05 UTC
c8fe6573-3d81-4d22-b6c5-0c7929d0f97e,1641977768,1641977762,24.3,46,2022-01-12 08:59:05 UTC
c8fe6573-3d81-4d22-b6c5-0c7929d0f97e,1641977708,1641977702,24.4,46,2022-01-12 08:59:05 UTC
c8fe6573-3d81-4d22-b6c5-0c7929d0f97e,1641977648,1641977642,24.3,46,2022-01-12 08:59:05 UTC
c8fe6573-3d81-4d22-b6c5-0c7929d0f97e,1641977588,1641977583,24.4,46,2022-01-12 08:59:05 UTC
c8fe6573-3d81-4d22-b6c5-0c7929d0f97e,1641977528,1641977522,24.3,46,2022-01-12 08:59:05 UTC
c8fe6573-3d81-4d22-b6c5-0c7929d0f97e,1641977468,1641977462,24.4,46,2022-01-12 08:59:05 UTC
c8fe6573-3d81-4d22-b6c5-0c7929d0f97e,1641977408,1641977402,24.4,46,2022-01-12 08:59:05 UTC
c8fe6573-3d81-4d22-b6c5-0c7929d0f97e,1641977348,1641977342,24.3,46,2022-01-12 08:59:04 UTC
c8fe6573-3d81-4d22-b6c5-0c7929d0f97e,1641977288,1641977283,24.3,46,2022-01-12 08:59:04 UTC
c8fe6573-3d81-4d22-b6c5-0c7929d0f97e,1641977228,1641977222,24.4,46,2022-01-12 08:59:04 UTC
c8fe6573-3d81-4d22-b6c5-0c7929d0f97e,1641977168,1641977164,24.4,46,2022-01-12 08:46:05 UTC
c8fe6573-3d81-4d22-b6c5-0c7929d0f97e,1641977108,1641977102,24.4,46,2022-01-12 08:46:05 UTC
c8fe6573-3d81-4d22-b6c5-0c7929d0f97e,1641977048,1641977042,24.4,46,2022-01-12 08:46:05 UTC
c8fe6573-3d81-4d22-b6c5-0c7929d0f97e,1641976988,1641976983,24.4,46,2022-01-12 08:46:05 UTC
c8fe6573-3d81-4d22-b6c5-0c7929d0f97e,1641976868,1641976862,24.4,46,2022-01-12 08:46:05 UTC
c8fe6573-3d81-4d22-b6c5-0c7929d0f97e,1641976808,1641976804,24.4,46,2022-01-12 08:46:05 UTC
c8fe6573-3d81-4d22-b6c5-0c7929d0f97e,1641976748,1641976742,24.4,46,2022-01-12 08:46:05 UTC
c8fe6573-3d81-4d22-b6c5-0c7929d0f97e,1641976688,1641976682,24.4,46,2022-01-12 08:46:05 UTC
c8fe6573-3d81-4d22-b6c5-0c7929d0f97e,1641976568,1641976564,24.4,46,2022-01-12 08:46:05 UTC
c8fe6573-3d81-4d22-b6c5-0c7929d0f97e,1641976448,1641976443,24.4,46,2022-01-12 08:46:05 UTC
c8fe6573-3d81-4d22-b6c5-0c7929d0f97e,1641976388,1641976383,24.4,46,2022-01-12 08:46:05 UTC
c8fe6573-3d81-4d22-b6c5-0c7929d0f97e,1641976328,1641976322,24.3,46,2022-01-12 08:46:05 UTC
c8fe6573-3d81-4d22-b6c5-0c7929d0f97e,1641976208,1641976202,24.4,46,2022-01-12 08:30:03 UTC
c8fe6573-3d81-4d22-b6c5-0c7929d0f97e,1641976088,1641976083,24.4,46,2022-01-12 08:30:03 UTC
c8fe6573-3d81-4d22-b6c5-0c7929d0f97e,1641976028,1641976022,24.4,46,2022-01-12 08:30:03 UTC
c8fe6573-3d81-4d22-b6c5-0c7929d0f97e,1641975968,1641975962,24.4,46,2022-01-12 08:30:03 UTC
c8fe6573-3d81-4d22-b6c5-0c7929d0f97e,1641975908,1641975904,24.4,46,2022-01-12 08:30:03 UTC
c8fe6573-3d81-4d22-b6c5-0c7929d0f97e,1641975848,1641975843,24.4,46,2022-01-12 08:30:03 UTC
c8fe6573-3d81-4d22-b6c5-0c7929d0f97e,1641975788,1641975783,24.4,46,2022-01-12 08:30:03 UTC
c8fe6573-3d81-4d22-b6c5-0c7929d0f97e,1641975728,1641975722,24.4,46,2022-01-12 08:30:03 UTC
c8fe6573-3d81-4d22-b6c5-0c7929d0f97e,1641975668,1641975663,24.3,46,2022-01-12 08:30:03 UTC
c8fe6573-3d81-4d22-b6c5-0c7929d0f97e,1641975608,1641975604,24.4,46,2022-01-12 08:30:03 UTC
c8fe6573-3d81-4d22-b6c5-0c7929d0f97e,1641975548,1641975543,24.3,46,2022-01-12 08:30:03 UTC
c8fe6573-3d81-4d22-b6c5-0c7929d0f97e,1641975428,1641975422,24.2,46,2022-01-12 08:30:03 UTC
c8fe6573-3d81-4d22-b6c5-0c7929d0f97e,1641975308,1641975308,24.2,46,2022-01-12 08:16:47 UTC
c8fe6573-3d81-4d22-b6c5-0c7929d0f97e,1641975248,1641975248,24.2,46,2022-01-12 08:16:47 UTC
c8fe6573-3d81-4d22-b6c5-0c7929d0f97e,1641975188,1641975188,24.3,46,2022-01-12 08:16:47 UTC
c8fe6573-3d81-4d22-b6c5-0c7929d0f97e,1641975128,1641975128,24.3,46,2022-01-12 08:16:47 UTC
c8fe6573-3d81-4d22-b6c5-0c7929d0f97e,1641975068,1641975068,24.3,46,2022-01-12 08:16:47 UTC
c8fe6573-3d81-4d22-b6c5-0c7929d0f97e,1641975008,1641975008,24.3,46,2022-01-12 08:10:37 UTC
c8fe6573-3d81-4d22-b6c5-0c7929d0f97e,1641974948,1641974948,24.3,46,2022-01-12 08:10:37 UTC
c8fe6573-3d81-4d22-b6c5-0c7929d0f97e,1641974888,1641974888,24.3,46,2022-01-12 08:08:31 UTC
c8fe6573-3d81-4d22-b6c5-0c7929d0f97e,1641974828,1641974828,24.3,46,2022-01-12 08:08:31 UTC
c8fe6573-3d81-4d22-b6c5-0c7929d0f97e,1641974768,1641974768,24.3,46,2022-01-12 08:08:31 UTC
c8fe6573-3d81-4d22-b6c5-0c7929d0f97e,1641974708,1641974708,24.3,46,2022-01-12 08:08:31 UTC
c8fe6573-3d81-4d22-b6c5-0c7929d0f97e,1641974648,1641974648,24.3,46,2022-01-12 08:04:03 UTC
c8fe6573-3d81-4d22-b6c5-0c7929d0f97e,1641974608,1641974608,24.3,46,2022-01-12 08:04:03 UTC
c8fe6573-3d81-4d22-b6c5-0c7929d0f97e,1641974548,1641974548,24.3,46,2022-01-12 08:04:03 UTC
c8fe6573-3d81-4d22-b6c5-0c7929d0f97e,1641974488,1641974488,24.3,46,2022-01-12 08:04:03 UTC
c8fe6573-3d81-4d22-b6c5-0c7929d0f97e,1641974428,1641974428,24.3,46,2022-01-12 08:04:03 UTC
c8fe6573-3d81-4d22-b6c5-0c7929d0f97e,1641974368,1641974368,24.4,46,2022-01-12 08:04:03 UTC
c8fe6573-3d81-4d22-b6c5-0c7929d0f97e,1641974308,1641974309,24.4,46,2022-01-12 08:04:03 UTC
c8fe6573-3d81-4d22-b6c5-0c7929d0f97e,1641974248,1641974248,24.4,46,2022-01-12 08:04:03 UTC
c8fe6573-3d81-4d22-b6c5-0c7929d0f97e,1641974188,1641974188,24.4,47,2022-01-12 08:04:03 UTC
c8fe6573-3d81-4d22-b6c5-0c7929d0f97e,1641974128,1641974128,24.4,46,2022-01-12 08:04:03 UTC
c8fe6573-3d81-4d22-b6c5-0c7929d0f97e,1641974068,1641974068,24.4,47,2022-01-12 08:04:03 UTC
c8fe6573-3d81-4d22-b6c5-0c7929d0f97e,1641974008,1641974008,24.4,47,2022-01-12 08:04:03 UTC
c8fe6573-3d81-4d22-b6c5-0c7929d0f97e,1641973948,1641973948,24.4,47,2022-01-12 07:52:44 UTC
c8fe6573-3d81-4d22-b6c5-0c7929d0f97e,1641973888,1641973888,24.4,47,2022-01-12 07:52:44 UTC
c8fe6573-3d81-4d22-b6c5-0c7929d0f97e,1641973828,1641973828,24.4,47,2022-01-12 07:52:44 UTC
c8fe6573-3d81-4d22-b6c5-0c7929d0f97e,1641973768,1641973768,24.4,47,2022-01-12 07:52:44 UTC
c8fe6573-3d81-4d22-b6c5-0c7929d0f97e,1641973708,1641973709,24.4,47,2022-01-12 07:52:44 UTC
c8fe6573-3d81-4d22-b6c5-0c7929d0f97e,1641973648,1641973648,24.4,47,2022-01-12 07:52:44 UTC
c8fe6573-3d81-4d22-b6c5-0c7929d0f97e,1641973588,1641973588,24.4,47,2022-01-12 07:52:44 UTC
c8fe6573-3d81-4d22-b6c5-0c7929d0f97e,1641973528,1641973528,24.3,47,2022-01-12 07:45:23 UTC
c8fe6573-3d81-4d22-b6c5-0c7929d0f97e,1641973468,1641973468,24.3,47,2022-01-12 07:45:23 UTC
c8fe6573-3d81-4d22-b6c5-0c7929d0f97e,1641973439,1641973438,24.3,47,2022-01-12 07:45:23 UTC
c8fe6573-3d81-4d22-b6c5-0c7929d0f97e,1641973379,1641973378,24.3,46,2022-01-12 07:45:23 UTC
c8fe6573-3d81-4d22-b6c5-0c7929d0f97e,1641973319,1641973318,24.2,46,2022-01-12 07:45:23 UTC
c8fe6573-3d81-4d22-b6c5-0c7929d0f97e,1641973259,1641973258,24.3,46,2022-01-12 07:45:23 UTC
c8fe6573-3d81-4d22-b6c5-0c7929d0f97e,1641973199,1641973198,24.3,47,2022-01-12 07:45:23 UTC
c8fe6573-3d81-4d22-b6c5-0c7929d0f97e,1641973139,1641973138,24.3,46,2022-01-12 07:45:23 UTC
c8fe6573-3d81-4d22-b6c5-0c7929d0f97e,1641973079,1641973078,24.3,46,2022-01-12 07:45:23 UTC
c8fe6573-3d81-4d22-b6c5-0c7929d0f97e,1641973019,1641973018,24.3,46,2022-01-12 07:45:23 UTC
c8fe6573-3d81-4d22-b6c5-0c7929d0f97e,1641972959,1641972958,24.4,46,2022-01-12 07:45:23 UTC
c8fe6573-3d81-4d22-b6c5-0c7929d0f97e,1641972899,1641972898,24.4,46,2022-01-12 07:45:23 UTC
c8fe6573-3d81-4d22-b6c5-0c7929d0f97e,1641972839,1641972838,24.4,46,2022-01-12 07:34:30 UTC
c8fe6573-3d81-4d22-b6c5-0c7929d0f97e,1641972779,1641972779,24.5,46,2022-01-12 07:34:30 UTC
c8fe6573-3d81-4d22-b6c5-0c7929d0f97e,1641972719,1641972718,24.6,46,2022-01-12 07:34:30 UTC
c8fe6573-3d81-4d22-b6c5-0c7929d0f97e,1641972659,1641972659,24.7,46,2022-01-12 07:34:30 UTC
c8fe6573-3d81-4d22-b6c5-0c7929d0f97e,1641972599,1641972598,24.3,47,2022-01-12 07:34:30 UTC
c8fe6573-3d81-4d22-b6c5-0c7929d0f97e,1641972539,1641972538,24.2,47,2022-01-12 07:34:30 UTC
c8fe6573-3d81-4d22-b6c5-0c7929d0f97e,1641972479,1641972479,24.2,47,2022-01-12 07:28:15 UTC
c8fe6573-3d81-4d22-b6c5-0c7929d0f97e,1641972419,1641972418,24.4,47,2022-01-12 07:28:15 UTC
c8fe6573-3d81-4d22-b6c5-0c7929d0f97e,1641972358,1641972358,24.5,46,2022-01-12 07:28:15 UTC
c8fe6573-3d81-4d22-b6c5-0c7929d0f97e,1641972266,1641972266,24.3,47,2022-01-12 07:24:37 UTC
c8fe6573-3d81-4d22-b6c5-0c7929d0f97e,1641972206,1641972203,24.4,47,2022-01-12 07:23:42 UTC
c8fe6573-3d81-4d22-b6c5-0c7929d0f97e,1641972206,1641972206,24.4,47,2022-01-12 07:24:37 UTC
c8fe6573-3d81-4d22-b6c5-0c7929d0f97e,1641972206,1641972203,24.4,47,2022-01-12 07:24:20 UTC
c8fe6573-3d81-4d22-b6c5-0c7929d0f97e,1641972146,1641972137,24.4,47,2022-01-12 07:22:21 UTC
c8fe6573-3d81-4d22-b6c5-0c7929d0f97e,1641972146,1641972146,24.4,47,2022-01-12 07:24:37 UTC
c8fe6573-3d81-4d22-b6c5-0c7929d0f97e,1641972086,1641972085,24.4,47,2022-01-12 07:24:37 UTC
c8fe6573-3d81-4d22-b6c5-0c7929d0f97e,1641972086,1641972077,24.4,47,2022-01-12 07:22:21 UTC
c8fe6573-3d81-4d22-b6c5-0c7929d0f97e,1641972026,1641972025,24.4,47,2022-01-12 07:20:21 UTC
c8fe6573-3d81-4d22-b6c5-0c7929d0f97e,1641972026,1641972017,24.4,47,2022-01-12 07:22:21 UTC
c8fe6573-3d81-4d22-b6c5-0c7929d0f97e,1641971965,1641971957,24.5,47,2022-01-12 07:22:21 UTC
c8fe6573-3d81-4d22-b6c5-0c7929d0f97e,1641971965,1641971967,24.5,47,2022-01-12 07:20:21 UTC
c8fe6573-3d81-4d22-b6c5-0c7929d0f97e,1641971905,1641971897,24.4,47,2022-01-12 07:22:21 UTC
c8fe6573-3d81-4d22-b6c5-0c7929d0f97e,1641971905,1641971906,24.4,47,2022-01-12 07:20:21 UTC
c8fe6573-3d81-4d22-b6c5-0c7929d0f97e,1641971845,1641971846,24.5,47,2022-01-12 07:20:21 UTC
c8fe6573-3d81-4d22-b6c5-0c7929d0f97e,1641971845,1641971837,24.5,47,2022-01-12 07:22:21 UTC
c8fe6573-3d81-4d22-b6c5-0c7929d0f97e,1641971785,1641971777,24.4,47,2022-01-12 07:22:21 UTC
c8fe6573-3d81-4d22-b6c5-0c7929d0f97e,1641971785,1641971786,24.4,47,2022-01-12 07:20:21 UTC
c8fe6573-3d81-4d22-b6c5-0c7929d0f97e,1641971725,1641971726,24.4,47,2022-01-12 07:20:21 UTC
c8fe6573-3d81-4d22-b6c5-0c7929d0f97e,1641971725,1641971717,24.4,47,2022-01-12 07:22:21 UTC
c8fe6573-3d81-4d22-b6c5-0c7929d0f97e,1641971665,1641971665,24.4,47,2022-01-12 07:20:21 UTC
c8fe6573-3d81-4d22-b6c5-0c7929d0f97e,1641971665,1641971657,24.4,47,2022-01-12 07:22:21 UTC
c8fe6573-3d81-4d22-b6c5-0c7929d0f97e,1641971605,1641971597,24.4,47,2022-01-12 07:22:21 UTC
c8fe6573-3d81-4d22-b6c5-0c7929d0f97e,1641971605,1641971606,24.4,47,2022-01-12 07:20:21 UTC
c8fe6573-3d81-4d22-b6c5-0c7929d0f97e,1641971545,1641971546,24.4,47,2022-01-12 07:20:21 UTC
c8fe6573-3d81-4d22-b6c5-0c7929d0f97e,1641971545,1641971537,24.4,47,2022-01-12 07:22:21 UTC
c8fe6573-3d81-4d22-b6c5-0c7929d0f97e,1641971485,1641971478,24.4,47,2022-01-12 07:22:21 UTC
c8fe6573-3d81-4d22-b6c5-0c7929d0f97e,1641971485,1641971487,24.4,47,2022-01-12 07:20:21 UTC
c8fe6573-3d81-4d22-b6c5-0c7929d0f97e,1641971425,1641971426,24.4,47,2022-01-12 07:20:21 UTC
c8fe6573-3d81-4d22-b6c5-0c7929d0f97e,1641971425,1641971417,24.4,47,2022-01-12 07:10:22 UTC
c8fe6573-3d81-4d22-b6c5-0c7929d0f97e,1641971365,1641971358,24.4,47,2022-01-12 07:10:22 UTC
c8fe6573-3d81-4d22-b6c5-0c7929d0f97e,1641971365,1641971366,24.4,47,2022-01-12 07:20:21 UTC
c8fe6573-3d81-4d22-b6c5-0c7929d0f97e,1641971305,1641971306,24.4,47,2022-01-12 07:08:23 UTC
c8fe6573-3d81-4d22-b6c5-0c7929d0f97e,1641971305,1641971297,24.4,47,2022-01-12 07:10:22 UTC
c8fe6573-3d81-4d22-b6c5-0c7929d0f97e,1641971245,1641971246,24.4,47,2022-01-12 07:08:23 UTC
c8fe6573-3d81-4d22-b6c5-0c7929d0f97e,1641971245,1641971237,24.4,47,2022-01-12 07:10:22 UTC
c8fe6573-3d81-4d22-b6c5-0c7929d0f97e,1641971185,1641971186,24.4,47,2022-01-12 07:08:23 UTC
c8fe6573-3d81-4d22-b6c5-0c7929d0f97e,1641971185,1641971177,24.4,47,2022-01-12 07:10:22 UTC
c8fe6573-3d81-4d22-b6c5-0c7929d0f97e,1641971125,1641971127,24.4,47,2022-01-12 07:08:23 UTC
c8fe6573-3d81-4d22-b6c5-0c7929d0f97e,1641971125,1641971118,24.4,47,2022-01-12 07:10:22 UTC
c8fe6573-3d81-4d22-b6c5-0c7929d0f97e,1641971065,1641971058,24.3,47,2022-01-12 07:10:22 UTC
c8fe6573-3d81-4d22-b6c5-0c7929d0f97e,1641971065,1641971067,24.3,47,2022-01-12 07:08:23 UTC
c8fe6573-3d81-4d22-b6c5-0c7929d0f97e,1641971005,1641971006,24.2,47,2022-01-12 07:08:23 UTC
c8fe6573-3d81-4d22-b6c5-0c7929d0f97e,1641971005,1641970997,24.2,47,2022-01-12 07:10:22 UTC
c8fe6573-3d81-4d22-b6c5-0c7929d0f97e,1641970873,1641970873,24.3,47,2022-01-12 07:08:23 UTC
c8fe6573-3d81-4d22-b6c5-0c7929d0f97e,1641970873,1641970864,24.3,47,2022-01-12 07:10:22 UTC
c8fe6573-3d81-4d22-b6c5-0c7929d0f97e,1641970813,1641970804,24.4,47,2022-01-12 07:10:22 UTC
c8fe6573-3d81-4d22-b6c5-0c7929d0f97e,1641970813,1641970813,24.4,47,2022-01-12 07:08:23 UTC
c8fe6573-3d81-4d22-b6c5-0c7929d0f97e,1641970753,1641970744,24.4,47,2022-01-12 07:10:22 UTC
c8fe6573-3d81-4d22-b6c5-0c7929d0f97e,1641970753,1641970753,24.4,47,2022-01-12 07:08:23 UTC
c8fe6573-3d81-4d22-b6c5-0c7929d0f97e,1641970693,1641970693,24.4,47,2022-01-12 07:08:23 UTC
c8fe6573-3d81-4d22-b6c5-0c7929d0f97e,1641970693,1641970684,24.4,47,2022-01-12 07:10:22 UTC
c8fe6573-3d81-4d22-b6c5-0c7929d0f97e,1641970625,1641970634,24.4,47,2022-01-12 07:08:23 UTC
c8fe6573-3d81-4d22-b6c5-0c7929d0f97e,1641970625,1641970625,24.4,47,2022-01-12 06:57:09 UTC
c8fe6573-3d81-4d22-b6c5-0c7929d0f97e,1641970565,1641970573,24.4,47,2022-01-12 07:08:23 UTC
c8fe6573-3d81-4d22-b6c5-0c7929d0f97e,1641970565,1641970564,24.4,47,2022-01-12 06:57:09 UTC
c8fe6573-3d81-4d22-b6c5-0c7929d0f97e,1641970505,1641970513,24.4,47,2022-01-12 06:55:08 UTC
c8fe6573-3d81-4d22-b6c5-0c7929d0f97e,1641970505,1641970504,24.4,47,2022-01-12 06:57:09 UTC
c8fe6573-3d81-4d22-b6c5-0c7929d0f97e,1641970445,1641970453,24.3,47,2022-01-12 06:55:08 UTC
c8fe6573-3d81-4d22-b6c5-0c7929d0f97e,1641970445,1641970445,24.3,47,2022-01-12 06:57:09 UTC
c8fe6573-3d81-4d22-b6c5-0c7929d0f97e,1641970385,1641970386,24.3,47,2022-01-12 06:57:09 UTC
c8fe6573-3d81-4d22-b6c5-0c7929d0f97e,1641970385,1641970394,24.3,47,2022-01-12 06:55:08 UTC
c8fe6573-3d81-4d22-b6c5-0c7929d0f97e,1641970325,1641970341,24.2,47,2022-01-12 06:55:08 UTC
c8fe6573-3d81-4d22-b6c5-0c7929d0f97e,1641970325,1641970333,24.2,47,2022-01-12 06:57:09 UTC
c8fe6573-3d81-4d22-b6c5-0c7929d0f97e,1641970265,1641970264,24.2,48,2022-01-12 06:57:09 UTC
c8fe6573-3d81-4d22-b6c5-0c7929d0f97e,1641970265,1641970273,24.2,48,2022-01-12 06:55:08 UTC
c8fe6573-3d81-4d22-b6c5-0c7929d0f97e,1641970181,1641970181,24.3,47,2022-01-12 06:55:08 UTC
c8fe6573-3d81-4d22-b6c5-0c7929d0f97e,1641970181,1641970173,24.3,47,2022-01-12 06:57:09 UTC
c8fe6573-3d81-4d22-b6c5-0c7929d0f97e,1641970121,1641970121,24.3,47,2022-01-12 06:55:08 UTC
c8fe6573-3d81-4d22-b6c5-0c7929d0f97e,1641970121,1641970113,24.3,47,2022-01-12 06:57:09 UTC
c8fe6573-3d81-4d22-b6c5-0c7929d0f97e,1641970061,1641970061,24.3,47,2022-01-12 06:55:08 UTC
c8fe6573-3d81-4d22-b6c5-0c7929d0f97e,1641970001,1641970001,24.4,47,2022-01-12 06:55:08 UTC
c8fe6573-3d81-4d22-b6c5-0c7929d0f97e,1641970001,1641969992,24.4,47,2022-01-12 06:57:09 UTC
c8fe6573-3d81-4d22-b6c5-0c7929d0f97e,1641969941,1641969941,24.4,48,2022-01-12 06:55:08 UTC
c8fe6573-3d81-4d22-b6c5-0c7929d0f97e,1641969941,1641969933,24.4,48,2022-01-12 06:57:09 UTC
c8fe6573-3d81-4d22-b6c5-0c7929d0f97e,1641969881,1641969872,24.3,47,2022-01-12 06:57:09 UTC
c8fe6573-3d81-4d22-b6c5-0c7929d0f97e,1641969881,1641969881,24.3,47,2022-01-12 06:55:08 UTC
c8fe6573-3d81-4d22-b6c5-0c7929d0f97e,1641969821,1641969821,24.4,48,2022-01-12 06:55:08 UTC
c8fe6573-3d81-4d22-b6c5-0c7929d0f97e,1641969821,1641969812,24.4,48,2022-01-12 06:43:36 UTC
c8fe6573-3d81-4d22-b6c5-0c7929d0f97e,1641969761,1641969761,24.3,47,2022-01-12 06:42:36 UTC
c8fe6573-3d81-4d22-b6c5-0c7929d0f97e,1641969701,1641969692,24.4,48,2022-01-12 06:43:36 UTC
c8fe6573-3d81-4d22-b6c5-0c7929d0f97e,1641969701,1641969701,24.4,48,2022-01-12 06:42:36 UTC
c8fe6573-3d81-4d22-b6c5-0c7929d0f97e,1641969641,1641969641,24.3,48,2022-01-12 06:42:36 UTC
c8fe6573-3d81-4d22-b6c5-0c7929d0f97e,1641969641,1641969633,24.3,48,2022-01-12 06:43:36 UTC
c8fe6573-3d81-4d22-b6c5-0c7929d0f97e,1641969581,1641969572,24.3,48,2022-01-12 06:43:36 UTC
c8fe6573-3d81-4d22-b6c5-0c7929d0f97e,1641969581,1641969581,24.3,48,2022-01-12 06:42:36 UTC
c8fe6573-3d81-4d22-b6c5-0c7929d0f97e,1641969521,1641969513,24.4,48,2022-01-12 06:43:36 UTC
c8fe6573-3d81-4d22-b6c5-0c7929d0f97e,1641969521,1641969521,24.4,48,2022-01-12 06:42:36 UTC
c8fe6573-3d81-4d22-b6c5-0c7929d0f97e,1641969461,1641969452,24.4,48,2022-01-12 06:43:36 UTC
c8fe6573-3d81-4d22-b6c5-0c7929d0f97e,1641969461,1641969461,24.4,48,2022-01-12 06:42:36 UTC
c8fe6573-3d81-4d22-b6c5-0c7929d0f97e,1641969401,1641969392,24.4,48,2022-01-12 06:43:36 UTC
c8fe6573-3d81-4d22-b6c5-0c7929d0f97e,1641969401,1641969401,24.4,48,2022-01-12 06:42:36 UTC
c8fe6573-3d81-4d22-b6c5-0c7929d0f97e,1641969341,1641969341,24.4,48,2022-01-12 06:42:36 UTC
c8fe6573-3d81-4d22-b6c5-0c7929d0f97e,1641969281,1641969272,24.4,48,2022-01-12 06:43:36 UTC
c8fe6573-3d81-4d22-b6c5-0c7929d0f97e,1641969281,1641969281,24.4,48,2022-01-12 06:42:36 UTC
c8fe6573-3d81-4d22-b6c5-0c7929d0f97e,1641969221,1641969212,24.5,48,2022-01-12 06:43:36 UTC
c8fe6573-3d81-4d22-b6c5-0c7929d0f97e,1641969221,1641969221,24.5,48,2022-01-12 06:42:36 UTC
c8fe6573-3d81-4d22-b6c5-0c7929d0f97e,1641969153,1641969161,24.5,48,2022-01-12 06:42:36 UTC
c8fe6573-3d81-4d22-b6c5-0c7929d0f97e,1641969153,1641969152,24.5,48,2022-01-12 06:43:36 UTC
c8fe6573-3d81-4d22-b6c5-0c7929d0f97e,1641969093,1641969093,24.5,48,2022-01-12 06:43:36 UTC
c8fe6573-3d81-4d22-b6c5-0c7929d0f97e,1641969093,1641969101,24.5,48,2022-01-12 06:42:36 UTC
c8fe6573-3d81-4d22-b6c5-0c7929d0f97e,1641969033,1641969034,24.4,48,2022-01-12 06:43:36 UTC
c8fe6573-3d81-4d22-b6c5-0c7929d0f97e,1641969033,1641969042,24.4,48,2022-01-12 06:42:36 UTC
c8fe6573-3d81-4d22-b6c5-0c7929d0f97e,1641968973,1641968972,24.4,48,2022-01-12 06:29:36 UTC
c8fe6573-3d81-4d22-b6c5-0c7929d0f97e,1641968973,1641968984,24.4,48,2022-01-12 06:29:39 UTC
c8fe6573-3d81-4d22-b6c5-0c7929d0f97e,1641968913,1641968912,24.4,48,2022-01-12 06:29:36 UTC
c8fe6573-3d81-4d22-b6c5-0c7929d0f97e,1641968913,1641968921,24.4,48,2022-01-12 06:29:39 UTC
c8fe6573-3d81-4d22-b6c5-0c7929d0f97e,1641968853,1641968870,24.4,48,2022-01-12 06:29:39 UTC
c8fe6573-3d81-4d22-b6c5-0c7929d0f97e,1641968853,1641968861,24.4,48,2022-01-12 06:29:36 UTC
c8fe6573-3d81-4d22-b6c5-0c7929d0f97e,1641968793,1641968801,24.3,48,2022-01-12 06:29:39 UTC
c8fe6573-3d81-4d22-b6c5-0c7929d0f97e,1641968793,1641968793,24.3,48,2022-01-12 06:29:36 UTC
c8fe6573-3d81-4d22-b6c5-0c7929d0f97e,1641968733,1641968732,24.3,48,2022-01-12 06:29:36 UTC
c8fe6573-3d81-4d22-b6c5-0c7929d0f97e,1641968733,1641968741,24.3,48,2022-01-12 06:29:39 UTC
c8fe6573-3d81-4d22-b6c5-0c7929d0f97e,1641968624,1641968624,24.4,48,2022-01-12 06:29:39 UTC
c8fe6573-3d81-4d22-b6c5-0c7929d0f97e,1641968624,1641968616,24.4,48,2022-01-12 06:29:36 UTC
c8fe6573-3d81-4d22-b6c5-0c7929d0f97e,1641968564,1641968564,24.4,48,2022-01-12 06:29:39 UTC
c8fe6573-3d81-4d22-b6c5-0c7929d0f97e,1641968564,1641968556,24.4,48,2022-01-12 06:29:36 UTC
c8fe6573-3d81-4d22-b6c5-0c7929d0f97e,1641968504,1641968504,24.4,48,2022-01-12 06:29:39 UTC
c8fe6573-3d81-4d22-b6c5-0c7929d0f97e,1641968504,1641968496,24.4,48,2022-01-12 06:29:36 UTC
c8fe6573-3d81-4d22-b6c5-0c7929d0f97e,1641968444,1641968436,24.4,48,2022-01-12 06:29:36 UTC
c8fe6573-3d81-4d22-b6c5-0c7929d0f97e,1641968444,1641968444,24.4,48,2022-01-12 06:29:39 UTC
c8fe6573-3d81-4d22-b6c5-0c7929d0f97e,1641968384,1641968376,24.5,48,2022-01-12 06:29:36 UTC
c8fe6573-3d81-4d22-b6c5-0c7929d0f97e,1641968384,1641968384,24.5,48,2022-01-12 06:29:39 UTC
c8fe6573-3d81-4d22-b6c5-0c7929d0f97e,1641968324,1641968316,24.5,48,2022-01-12 06:29:36 UTC
c8fe6573-3d81-4d22-b6c5-0c7929d0f97e,1641968324,1641968324,24.5,48,2022-01-12 06:29:39 UTC
c8fe6573-3d81-4d22-b6c5-0c7929d0f97e,1641968264,1641968264,24.5,48,2022-01-12 06:29:39 UTC
c8fe6573-3d81-4d22-b6c5-0c7929d0f97e,1641968264,1641968256,24.5,48,2022-01-12 06:29:36 UTC
c8fe6573-3d81-4d22-b6c5-0c7929d0f97e,1641968204,1641968196,24.5,48,2022-01-12 06:16:40 UTC
c8fe6573-3d81-4d22-b6c5-0c7929d0f97e,1641968204,1641968204,24.5,48,2022-01-12 06:16:40 UTC
c8fe6573-3d81-4d22-b6c5-0c7929d0f97e,1641968144,1641968145,24.6,48,2022-01-12 06:16:40 UTC
c8fe6573-3d81-4d22-b6c5-0c7929d0f97e,1641968084,1641968076,24.6,48,2022-01-12 06:16:40 UTC
c8fe6573-3d81-4d22-b6c5-0c7929d0f97e,1641968084,1641968084,24.6,48,2022-01-12 06:16:40 UTC
c8fe6573-3d81-4d22-b6c5-0c7929d0f97e,1641968024,1641968024,24.6,48,2022-01-12 06:16:40 UTC
c8fe6573-3d81-4d22-b6c5-0c7929d0f97e,1641967964,1641967956,24.6,49,2022-01-12 06:16:40 UTC
c8fe6573-3d81-4d22-b6c5-0c7929d0f97e,1641967964,1641967964,24.6,49,2022-01-12 06:16:40 UTC
c8fe6573-3d81-4d22-b6c5-0c7929d0f97e,1641967904,1641967896,24.6,49,2022-01-12 06:16:40 UTC
c8fe6573-3d81-4d22-b6c5-0c7929d0f97e,1641967904,1641967904,24.6,49,2022-01-12 06:16:40 UTC
c8fe6573-3d81-4d22-b6c5-0c7929d0f97e,1641967844,1641967836,24.6,49,2022-01-12 06:16:40 UTC
c8fe6573-3d81-4d22-b6c5-0c7929d0f97e,1641967844,1641967844,24.6,49,2022-01-12 06:16:40 UTC
c8fe6573-3d81-4d22-b6c5-0c7929d0f97e,1641967784,1641967776,24.6,49,2022-01-12 06:16:40 UTC
c8fe6573-3d81-4d22-b6c5-0c7929d0f97e,1641967784,1641967784,24.6,49,2022-01-12 06:16:40 UTC
c8fe6573-3d81-4d22-b6c5-0c7929d0f97e,1641967724,1641967724,24.6,49,2022-01-12 06:16:40 UTC
c8fe6573-3d81-4d22-b6c5-0c7929d0f97e,1641967724,1641967716,24.6,49,2022-01-12 06:16:40 UTC
c8fe6573-3d81-4d22-b6c5-0c7929d0f97e,1641967664,1641967656,24.7,49,2022-01-12 06:16:40 UTC
c8fe6573-3d81-4d22-b6c5-0c7929d0f97e,1641967664,1641967664,24.7,49,2022-01-12 06:16:40 UTC
c8fe6573-3d81-4d22-b6c5-0c7929d0f97e,1641967604,1641967604,24.7,49,2022-01-12 06:16:40 UTC
c8fe6573-3d81-4d22-b6c5-0c7929d0f97e,1641967604,1641967596,24.7,49,2022-01-12 06:16:40 UTC
c8fe6573-3d81-4d22-b6c5-0c7929d0f97e,1641967544,1641967536,24.7,49,2022-01-12 06:16:40 UTC
c8fe6573-3d81-4d22-b6c5-0c7929d0f97e,1641967544,1641967544,24.7,49,2022-01-12 06:16:40 UTC
c8fe6573-3d81-4d22-b6c5-0c7929d0f97e,1641967484,1641967485,24.7,49,2022-01-12 06:04:41 UTC
c8fe6573-3d81-4d22-b6c5-0c7929d0f97e,1641967484,1641967476,24.7,49,2022-01-12 06:16:40 UTC
c8fe6573-3d81-4d22-b6c5-0c7929d0f97e,1641967424,1641967425,24.8,49,2022-01-12 06:04:41 UTC
c8fe6573-3d81-4d22-b6c5-0c7929d0f97e,1641967364,1641967356,24.8,49,2022-01-12 06:16:40 UTC
c8fe6573-3d81-4d22-b6c5-0c7929d0f97e,1641967364,1641967364,24.8,49,2022-01-12 06:04:41 UTC
c8fe6573-3d81-4d22-b6c5-0c7929d0f97e,1641967304,1641967304,24.7,49,2022-01-12 06:04:41 UTC
c8fe6573-3d81-4d22-b6c5-0c7929d0f97e,1641967304,1641967296,24.7,49,2022-01-12 06:01:40 UTC
c8fe6573-3d81-4d22-b6c5-0c7929d0f97e,1641967244,1641967244,24.8,50,2022-01-12 06:04:41 UTC
c8fe6573-3d81-4d22-b6c5-0c7929d0f97e,1641967184,1641967184,24.8,50,2022-01-12 06:04:41 UTC
c8fe6573-3d81-4d22-b6c5-0c7929d0f97e,1641967184,1641967176,24.8,50,2022-01-12 06:01:40 UTC
c8fe6573-3d81-4d22-b6c5-0c7929d0f97e,1641967124,1641967116,24.9,50,2022-01-12 06:01:40 UTC
c8fe6573-3d81-4d22-b6c5-0c7929d0f97e,1641967124,1641967124,24.9,50,2022-01-12 06:04:41 UTC
c8fe6573-3d81-4d22-b6c5-0c7929d0f97e,1641967064,1641967064,24.9,50,2022-01-12 06:04:41 UTC
c8fe6573-3d81-4d22-b6c5-0c7929d0f97e,1641967064,1641967056,24.9,50,2022-01-12 06:01:40 UTC
c8fe6573-3d81-4d22-b6c5-0c7929d0f97e,1641967004,1641967005,24.9,50,2022-01-12 06:04:41 UTC
c8fe6573-3d81-4d22-b6c5-0c7929d0f97e,1641966944,1641966944,24.9,50,2022-01-12 06:04:41 UTC
c8fe6573-3d81-4d22-b6c5-0c7929d0f97e,1641966944,1641966936,24.9,50,2022-01-12 06:01:40 UTC
c8fe6573-3d81-4d22-b6c5-0c7929d0f97e,1641966884,1641966876,24.9,50,2022-01-12 06:01:40 UTC
c8fe6573-3d81-4d22-b6c5-0c7929d0f97e,1641966884,1641966884,24.9,50,2022-01-12 06:04:41 UTC
c8fe6573-3d81-4d22-b6c5-0c7929d0f97e,1641966824,1641966824,24.9,51,2022-01-12 06:04:41 UTC
c8fe6573-3d81-4d22-b6c5-0c7929d0f97e,1641966824,1641966816,24.9,51,2022-01-12 06:01:40 UTC
c8fe6573-3d81-4d22-b6c5-0c7929d0f97e,1641966764,1641966764,24.9,51,2022-01-12 05:52:40 UTC
c8fe6573-3d81-4d22-b6c5-0c7929d0f97e,1641966764,1641966756,24.9,51,2022-01-12 06:01:40 UTC
c8fe6573-3d81-4d22-b6c5-0c7929d0f97e,1641966704,1641966696,24.9,51,2022-01-12 06:01:40 UTC
c8fe6573-3d81-4d22-b6c5-0c7929d0f97e,1641966704,1641966704,24.9,51,2022-01-12 05:52:40 UTC
c8fe6573-3d81-4d22-b6c5-0c7929d0f97e,1641966644,1641966636,24.9,51,2022-01-12 06:01:40 UTC
c8fe6573-3d81-4d22-b6c5-0c7929d0f97e,1641966644,1641966644,24.9,51,2022-01-12 05:52:40 UTC
c8fe6573-3d81-4d22-b6c5-0c7929d0f97e,1641966584,1641966585,24.9,51,2022-01-12 05:52:40 UTC
c8fe6573-3d81-4d22-b6c5-0c7929d0f97e,1641966584,1641966577,24.9,51,2022-01-12 06:01:40 UTC
c8fe6573-3d81-4d22-b6c5-0c7929d0f97e,1641966524,1641966518,24.9,51,2022-01-12 06:01:40 UTC
c8fe6573-3d81-4d22-b6c5-0c7929d0f97e,1641966524,1641966525,24.9,51,2022-01-12 05:52:40 UTC
c8fe6573-3d81-4d22-b6c5-0c7929d0f97e,1641966464,1641966456,24.8,51,2022-01-12 05:47:40 UTC
c8fe6573-3d81-4d22-b6c5-0c7929d0f97e,1641966464,1641966464,24.8,51,2022-01-12 05:52:40 UTC
c8fe6573-3d81-4d22-b6c5-0c7929d0f97e,1641966404,1641966404,24.8,50,2022-01-12 05:52:40 UTC
c8fe6573-3d81-4d22-b6c5-0c7929d0f97e,1641966404,1641966396,24.8,50,2022-01-12 05:47:40 UTC
c8fe6573-3d81-4d22-b6c5-0c7929d0f97e,1641966344,1641966344,24.8,50,2022-01-12 05:52:40 UTC
c8fe6573-3d81-4d22-b6c5-0c7929d0f97e,1641966344,1641966336,24.8,50,2022-01-12 05:47:40 UTC
c8fe6573-3d81-4d22-b6c5-0c7929d0f97e,1641966284,1641966284,24.7,50,2022-01-12 05:52:40 UTC
c8fe6573-3d81-4d22-b6c5-0c7929d0f97e,1641966284,1641966276,24.7,50,2022-01-12 05:47:40 UTC
c8fe6573-3d81-4d22-b6c5-0c7929d0f97e,1641966224,1641966216,24.7,50,2022-01-12 05:47:40 UTC
c8fe6573-3d81-4d22-b6c5-0c7929d0f97e,1641966224,1641966224,24.7,50,2022-01-12 05:52:40 UTC
c8fe6573-3d81-4d22-b6c5-0c7929d0f97e,1641966164,1641966164,24.6,50,2022-01-12 05:52:40 UTC
c8fe6573-3d81-4d22-b6c5-0c7929d0f97e,1641966164,1641966156,24.6,50,2022-01-12 05:47:40 UTC
c8fe6573-3d81-4d22-b6c5-0c7929d0f97e,1641966104,1641966105,24.6,50,2022-01-12 05:52:40 UTC
c8fe6573-3d81-4d22-b6c5-0c7929d0f97e,1641966104,1641966096,24.6,50,2022-01-12 05:47:40 UTC
c8fe6573-3d81-4d22-b6c5-0c7929d0f97e,1641966044,1641966044,24.6,50,2022-01-12 05:40:40 UTC
c8fe6573-3d81-4d22-b6c5-0c7929d0f97e,1641966044,1641966036,24.6,50,2022-01-12 05:47:40 UTC
c8fe6573-3d81-4d22-b6c5-0c7929d0f97e,1641965984,1641965999,24.6,50,2022-01-12 05:40:40 UTC
c8fe6573-3d81-4d22-b6c5-0c7929d0f97e,1641965984,1641965990,24.6,50,2022-01-12 05:47:40 UTC
c8fe6573-3d81-4d22-b6c5-0c7929d0f97e,1641965924,1641965923,24.5,50,2022-01-12 05:47:40 UTC
c8fe6573-3d81-4d22-b6c5-0c7929d0f97e,1641965924,1641965932,24.5,50,2022-01-12 05:40:40 UTC
c8fe6573-3d81-4d22-b6c5-0c7929d0f97e,1641965864,1641965856,24.4,49,2022-01-12 05:47:40 UTC
c8fe6573-3d81-4d22-b6c5-0c7929d0f97e,1641965864,1641965864,24.4,49,2022-01-12 05:40:40 UTC
c8fe6573-3d81-4d22-b6c5-0c7929d0f97e,1641965804,1641965804,24.4,49,2022-01-12 05:40:40 UTC
c8fe6573-3d81-4d22-b6c5-0c7929d0f97e,1641965744,1641965736,24.3,49,2022-01-12 05:47:40 UTC
c8fe6573-3d81-4d22-b6c5-0c7929d0f97e,1641965744,1641965744,24.3,49,2022-01-12 05:40:40 UTC
c8fe6573-3d81-4d22-b6c5-0c7929d0f97e,1641965684,1641965676,24.2,49,2022-01-12 05:34:40 UTC
c8fe6573-3d81-4d22-b6c5-0c7929d0f97e,1641965684,1641965684,24.2,49,2022-01-12 05:40:40 UTC
c8fe6573-3d81-4d22-b6c5-0c7929d0f97e,1641965624,1641965624,24.3,48,2022-01-12 05:40:40 UTC
c8fe6573-3d81-4d22-b6c5-0c7929d0f97e,1641965624,1641965616,24.3,48,2022-01-12 05:34:40 UTC
c8fe6573-3d81-4d22-b6c5-0c7929d0f97e,1641965564,1641965564,24.2,48,2022-01-12 05:40:40 UTC
c8fe6573-3d81-4d22-b6c5-0c7929d0f97e,1641965564,1641965556,24.2,48,2022-01-12 05:34:40 UTC
c8fe6573-3d81-4d22-b6c5-0c7929d0f97e,1641965504,1641965504,24.2,48,2022-01-12 05:40:40 UTC
c8fe6573-3d81-4d22-b6c5-0c7929d0f97e,1641965504,1641965496,24.2,48,2022-01-12 05:34:40 UTC
c8fe6573-3d81-4d22-b6c5-0c7929d0f97e,1641965444,1641965436,24.3,48,2022-01-12 05:34:40 UTC
c8fe6573-3d81-4d22-b6c5-0c7929d0f97e,1641965444,1641965445,24.3,48,2022-01-12 05:40:40 UTC
c8fe6573-3d81-4d22-b6c5-0c7929d0f97e,1641965384,1641965376,24.2,47,2022-01-12 05:34:40 UTC
c8fe6573-3d81-4d22-b6c5-0c7929d0f97e,1641965384,1641965384,24.2,47,2022-01-12 05:40:40 UTC
c8fe6573-3d81-4d22-b6c5-0c7929d0f97e,1641965324,1641965324,24.2,47,2022-01-12 05:28:42 UTC
c8fe6573-3d81-4d22-b6c5-0c7929d0f97e,1641965324,1641965316,24.2,47,2022-01-12 05:34:40 UTC
c8fe6573-3d81-4d22-b6c5-0c7929d0f97e,1641965264,1641965264,24.2,47,2022-01-12 05:28:42 UTC
c8fe6573-3d81-4d22-b6c5-0c7929d0f97e,1641965264,1641965256,24.2,47,2022-01-12 05:34:40 UTC
c8fe6573-3d81-4d22-b6c5-0c7929d0f97e,1641965204,1641965204,24.2,47,2022-01-12 05:28:42 UTC
c8fe6573-3d81-4d22-b6c5-0c7929d0f97e,1641965144,1641965136,24.2,47,2022-01-12 05:34:40 UTC
c8fe6573-3d81-4d22-b6c5-0c7929d0f97e,1641965144,1641965144,24.2,47,2022-01-12 05:28:42 UTC
c8fe6573-3d81-4d22-b6c5-0c7929d0f97e,1641965084,1641965084,24.2,47,2022-01-12 05:28:42 UTC
c8fe6573-3d81-4d22-b6c5-0c7929d0f97e,1641965084,1641965076,24.2,47,2022-01-12 05:34:40 UTC
c8fe6573-3d81-4d22-b6c5-0c7929d0f97e,1641965024,1641965016,24.2,47,2022-01-12 05:34:40 UTC
c8fe6573-3d81-4d22-b6c5-0c7929d0f97e,1641965024,1641965024,24.2,47,2022-01-12 05:28:42 UTC
c8fe6573-3d81-4d22-b6c5-0c7929d0f97e,1641964964,1641964964,24.2,47,2022-01-12 05:28:42 UTC
c8fe6573-3d81-4d22-b6c5-0c7929d0f97e,1641964904,1641964896,24.2,47,2022-01-12 05:34:40 UTC
c8fe6573-3d81-4d22-b6c5-0c7929d0f97e,1641964904,1641964904,24.2,47,2022-01-12 05:28:42 UTC
c8fe6573-3d81-4d22-b6c5-0c7929d0f97e,1641964844,1641964844,24.2,47,2022-01-12 05:28:42 UTC
c8fe6573-3d81-4d22-b6c5-0c7929d0f97e,1641964844,1641964836,24.2,47,2022-01-12 05:20:40 UTC
c8fe6573-3d81-4d22-b6c5-0c7929d0f97e,1641964784,1641964784,24.2,47,2022-01-12 05:28:42 UTC
c8fe6573-3d81-4d22-b6c5-0c7929d0f97e,1641964784,1641964776,24.2,47,2022-01-12 05:20:40 UTC
c8fe6573-3d81-4d22-b6c5-0c7929d0f97e,1641964724,1641964725,24.3,47,2022-01-12 05:28:42 UTC
c8fe6573-3d81-4d22-b6c5-0c7929d0f97e,1641964724,1641964717,24.3,47,2022-01-12 05:20:40 UTC
c8fe6573-3d81-4d22-b6c5-0c7929d0f97e,1641964664,1641964664,24.3,47,2022-01-12 05:28:42 UTC
c8fe6573-3d81-4d22-b6c5-0c7929d0f97e,1641964604,1641964604,24.2,47,2022-01-12 05:16:40 UTC
c8fe6573-3d81-4d22-b6c5-0c7929d0f97e,1641964604,1641964596,24.2,47,2022-01-12 05:20:40 UTC
c8fe6573-3d81-4d22-b6c5-0c7929d0f97e,1641964544,1641964544,24.2,47,2022-01-12 05:16:40 UTC
c8fe6573-3d81-4d22-b6c5-0c7929d0f97e,1641964544,1641964536,24.2,47,2022-01-12 05:20:40 UTC
c8fe6573-3d81-4d22-b6c5-0c7929d0f97e,1641964484,1641964485,24.2,47,2022-01-12 05:16:40 UTC
c8fe6573-3d81-4d22-b6c5-0c7929d0f97e,1641964484,1641964476,24.2,47,2022-01-12 05:20:40 UTC
c8fe6573-3d81-4d22-b6c5-0c7929d0f97e,1641964424,1641964416,24.3,47,2022-01-12 05:20:40 UTC
c8fe6573-3d81-4d22-b6c5-0c7929d0f97e,1641964424,1641964424,24.3,47,2022-01-12 05:16:40 UTC
c8fe6573-3d81-4d22-b6c5-0c7929d0f97e,1641964364,1641964364,24.3,47,2022-01-12 05:16:40 UTC
c8fe6573-3d81-4d22-b6c5-0c7929d0f97e,1641964364,1641964356,24.3,47,2022-01-12 05:20:40 UTC
c8fe6573-3d81-4d22-b6c5-0c7929d0f97e,1641964304,1641964296,24.3,47,2022-01-12 05:20:40 UTC
c8fe6573-3d81-4d22-b6c5-0c7929d0f97e,1641964304,1641964304,24.3,47,2022-01-12 05:16:40 UTC
c8fe6573-3d81-4d22-b6c5-0c7929d0f97e,1641964244,1641964236,24.3,47,2022-01-12 05:20:40 UTC
c8fe6573-3d81-4d22-b6c5-0c7929d0f97e,1641964244,1641964244,24.3,47,2022-01-12 05:16:40 UTC
c8fe6573-3d81-4d22-b6c5-0c7929d0f97e,1641964184,1641964185,24.3,47,2022-01-12 05:16:40 UTC
c8fe6573-3d81-4d22-b6c5-0c7929d0f97e,1641964184,1641964176,24.3,47,2022-01-12 05:20:40 UTC
c8fe6573-3d81-4d22-b6c5-0c7929d0f97e,1641964124,1641964125,24.3,47,2022-01-12 05:16:40 UTC
c8fe6573-3d81-4d22-b6c5-0c7929d0f97e,1641964124,1641964116,24.3,47,2022-01-12 05:20:40 UTC
c8fe6573-3d81-4d22-b6c5-0c7929d0f97e,1641964064,1641964057,24.3,47,2022-01-12 05:07:42 UTC
c8fe6573-3d81-4d22-b6c5-0c7929d0f97e,1641964064,1641964064,24.3,47,2022-01-12 05:16:40 UTC
c8fe6573-3d81-4d22-b6c5-0c7929d0f97e,1641964004,1641964004,24.3,47,2022-01-12 05:07:42 UTC
c8fe6573-3d81-4d22-b6c5-0c7929d0f97e,1641964004,1641964013,24.3,47,2022-01-12 05:16:40 UTC
c8fe6573-3d81-4d22-b6c5-0c7929d0f97e,1641963944,1641963944,24.4,47,2022-01-12 05:16:40 UTC
c8fe6573-3d81-4d22-b6c5-0c7929d0f97e,1641963944,1641963936,24.4,47,2022-01-12 05:07:42 UTC
c8fe6573-3d81-4d22-b6c5-0c7929d0f97e,1641963884,1641963876,24.3,47,2022-01-12 05:07:42 UTC
c8fe6573-3d81-4d22-b6c5-0c7929d0f97e,1641963884,1641963884,24.3,47,2022-01-12 05:04:40 UTC
c8fe6573-3d81-4d22-b6c5-0c7929d0f97e,1641963824,1641963824,24.3,48,2022-01-12 05:04:40 UTC
c8fe6573-3d81-4d22-b6c5-0c7929d0f97e,1641963824,1641963816,24.3,48,2022-01-12 05:07:42 UTC
c8fe6573-3d81-4d22-b6c5-0c7929d0f97e,1641963764,1641963756,24.3,47,2022-01-12 05:07:42 UTC
c8fe6573-3d81-4d22-b6c5-0c7929d0f97e,1641963764,1641963764,24.3,47,2022-01-12 05:04:40 UTC
c8fe6573-3d81-4d22-b6c5-0c7929d0f97e,1641963704,1641963704,24.3,48,2022-01-12 05:04:40 UTC
c8fe6573-3d81-4d22-b6c5-0c7929d0f97e,1641963704,1641963696,24.3,48,2022-01-12 05:07:42 UTC
c8fe6573-3d81-4d22-b6c5-0c7929d0f97e,1641963644,1641963636,24.4,48,2022-01-12 05:07:42 UTC
c8fe6573-3d81-4d22-b6c5-0c7929d0f97e,1641963644,1641963645,24.4,48,2022-01-12 05:04:40 UTC
c8fe6573-3d81-4d22-b6c5-0c7929d0f97e,1641963584,1641963584,24.4,48,2022-01-12 05:04:40 UTC
c8fe6573-3d81-4d22-b6c5-0c7929d0f97e,1641963584,1641963576,24.4,48,2022-01-12 05:07:42 UTC
c8fe6573-3d81-4d22-b6c5-0c7929d0f97e,1641963524,1641963516,24.4,48,2022-01-12 05:07:42 UTC
c8fe6573-3d81-4d22-b6c5-0c7929d0f97e,1641963524,1641963524,24.4,48,2022-01-12 05:04:40 UTC
c8fe6573-3d81-4d22-b6c5-0c7929d0f97e,1641963464,1641963456,24.4,48,2022-01-12 05:07:42 UTC
c8fe6573-3d81-4d22-b6c5-0c7929d0f97e,1641963464,1641963464,24.4,48,2022-01-12 05:04:40 UTC
c8fe6573-3d81-4d22-b6c5-0c7929d0f97e,1641963404,1641963396,24.4,48,2022-01-12 05:07:42 UTC
c8fe6573-3d81-4d22-b6c5-0c7929d0f97e,1641963404,1641963404,24.4,48,2022-01-12 05:04:40 UTC
c8fe6573-3d81-4d22-b6c5-0c7929d0f97e,1641963344,1641963344,24.4,48,2022-01-12 05:04:40 UTC
c8fe6573-3d81-4d22-b6c5-0c7929d0f97e,1641963344,1641963336,24.4,48,2022-01-12 04:55:40 UTC
c8fe6573-3d81-4d22-b6c5-0c7929d0f97e,1641963284,1641963284,24.4,48,2022-01-12 05:04:40 UTC
c8fe6573-3d81-4d22-b6c5-0c7929d0f97e,1641963284,1641963276,24.4,48,2022-01-12 04:55:40 UTC
c8fe6573-3d81-4d22-b6c5-0c7929d0f97e,1641963224,1641963216,24.4,48,2022-01-12 04:55:40 UTC
c8fe6573-3d81-4d22-b6c5-0c7929d0f97e,1641963224,1641963224,24.4,48,2022-01-12 05:04:40 UTC
c8fe6573-3d81-4d22-b6c5-0c7929d0f97e,1641963164,1641963164,24.4,48,2022-01-12 04:52:40 UTC
c8fe6573-3d81-4d22-b6c5-0c7929d0f97e,1641963164,1641963156,24.4,48,2022-01-12 04:55:40 UTC
c8fe6573-3d81-4d22-b6c5-0c7929d0f97e,1641963104,1641963104,24.4,48,2022-01-12 04:52:40 UTC
c8fe6573-3d81-4d22-b6c5-0c7929d0f97e,1641963104,1641963096,24.4,48,2022-01-12 04:55:40 UTC
c8fe6573-3d81-4d22-b6c5-0c7929d0f97e,1641963044,1641963036,24.4,48,2022-01-12 04:55:40 UTC
c8fe6573-3d81-4d22-b6c5-0c7929d0f97e,1641963044,1641963044,24.4,48,2022-01-12 04:52:40 UTC
c8fe6573-3d81-4d22-b6c5-0c7929d0f97e,1641962984,1641962976,24.4,48,2022-01-12 04:55:40 UTC
c8fe6573-3d81-4d22-b6c5-0c7929d0f97e,1641962984,1641962984,24.4,48,2022-01-12 04:52:40 UTC
c8fe6573-3d81-4d22-b6c5-0c7929d0f97e,1641962924,1641962916,24.4,48,2022-01-12 04:55:40 UTC
c8fe6573-3d81-4d22-b6c5-0c7929d0f97e,1641962924,1641962924,24.4,48,2022-01-12 04:52:40 UTC
c8fe6573-3d81-4d22-b6c5-0c7929d0f97e,1641962864,1641962864,24.4,48,2022-01-12 04:52:40 UTC
c8fe6573-3d81-4d22-b6c5-0c7929d0f97e,1641962864,1641962856,24.4,48,2022-01-12 04:55:40 UTC
c8fe6573-3d81-4d22-b6c5-0c7929d0f97e,1641962804,1641962812,24.4,48,2022-01-12 04:52:40 UTC
c8fe6573-3d81-4d22-b6c5-0c7929d0f97e,1641962804,1641962803,24.4,48,2022-01-12 04:55:40 UTC
c8fe6573-3d81-4d22-b6c5-0c7929d0f97e,1641962744,1641962736,24.4,48,2022-01-12 04:55:40 UTC
c8fe6573-3d81-4d22-b6c5-0c7929d0f97e,1641962744,1641962744,24.4,48,2022-01-12 04:52:40 UTC
c8fe6573-3d81-4d22-b6c5-0c7929d0f97e,1641962684,1641962677,24.4,48,2022-01-12 04:55:40 UTC
c8fe6573-3d81-4d22-b6c5-0c7929d0f97e,1641962684,1641962685,24.4,48,2022-01-12 04:52:40 UTC
c8fe6573-3d81-4d22-b6c5-0c7929d0f97e,1641962624,1641962624,24.4,48,2022-01-12 04:52:40 UTC
c8fe6573-3d81-4d22-b6c5-0c7929d0f97e,1641962564,1641962556,24.4,48,2022-01-12 04:42:40 UTC
c8fe6573-3d81-4d22-b6c5-0c7929d0f97e,1641962564,1641962565,24.4,48,2022-01-12 04:52:40 UTC
c8fe6573-3d81-4d22-b6c5-0c7929d0f97e,1641962504,1641962504,24.4,48,2022-01-12 04:52:40 UTC
c8fe6573-3d81-4d22-b6c5-0c7929d0f97e,1641962504,1641962496,24.4,48,2022-01-12 04:42:40 UTC
c8fe6573-3d81-4d22-b6c5-0c7929d0f97e,1641962444,1641962444,24.5,48,2022-01-12 04:40:40 UTC
c8fe6573-3d81-4d22-b6c5-0c7929d0f97e,1641962444,1641962436,24.5,48,2022-01-12 04:42:40 UTC
c8fe6573-3d81-4d22-b6c5-0c7929d0f97e,1641962384,1641962376,24.5,49,2022-01-12 04:42:40 UTC
c8fe6573-3d81-4d22-b6c5-0c7929d0f97e,1641962384,1641962384,24.5,49,2022-01-12 04:40:40 UTC
c8fe6573-3d81-4d22-b6c5-0c7929d0f97e,1641962324,1641962316,24.4,49,2022-01-12 04:42:40 UTC
c8fe6573-3d81-4d22-b6c5-0c7929d0f97e,1641962324,1641962324,24.4,49,2022-01-12 04:40:40 UTC
c8fe6573-3d81-4d22-b6c5-0c7929d0f97e,1641962264,1641962256,24.5,48,2022-01-12 04:42:40 UTC
c8fe6573-3d81-4d22-b6c5-0c7929d0f97e,1641962264,1641962265,24.5,48,2022-01-12 04:40:40 UTC
c8fe6573-3d81-4d22-b6c5-0c7929d0f97e,1641962204,1641962204,24.4,48,2022-01-12 04:40:40 UTC
c8fe6573-3d81-4d22-b6c5-0c7929d0f97e,1641962204,1641962196,24.4,48,2022-01-12 04:42:40 UTC
c8fe6573-3d81-4d22-b6c5-0c7929d0f97e,1641962144,1641962145,24.4,49,2022-01-12 04:40:40 UTC
c8fe6573-3d81-4d22-b6c5-0c7929d0f97e,1641962084,1641962084,24.5,49,2022-01-12 04:40:40 UTC
c8fe6573-3d81-4d22-b6c5-0c7929d0f97e,1641962084,1641962076,24.5,49,2022-01-12 04:42:40 UTC
c8fe6573-3d81-4d22-b6c5-0c7929d0f97e,1641962024,1641962025,24.4,49,2022-01-12 04:40:40 UTC
c8fe6573-3d81-4d22-b6c5-0c7929d0f97e,1641962024,1641962016,24.4,49,2022-01-12 04:42:40 UTC
c8fe6573-3d81-4d22-b6c5-0c7929d0f97e,1641961964,1641961956,24.5,48,2022-01-12 04:42:40 UTC
c8fe6573-3d81-4d22-b6c5-0c7929d0f97e,1641961964,1641961964,24.5,48,2022-01-12 04:40:40 UTC
c8fe6573-3d81-4d22-b6c5-0c7929d0f97e,1641961904,1641961904,24.5,49,2022-01-12 04:40:40 UTC
c8fe6573-3d81-4d22-b6c5-0c7929d0f97e,1641961844,1641961845,24.5,49,2022-01-12 04:40:40 UTC
c8fe6573-3d81-4d22-b6c5-0c7929d0f97e,1641961784,1641961785,24.5,49,2022-01-12 04:40:40 UTC
c8fe6573-3d81-4d22-b6c5-0c7929d0f97e,1641961784,1641961777,24.5,49,2022-01-12 04:42:40 UTC
c8fe6573-3d81-4d22-b6c5-0c7929d0f97e,1641961724,1641961717,24.5,49,2022-01-12 04:42:40 UTC
c8fe6573-3d81-4d22-b6c5-0c7929d0f97e,1641961724,1641961724,24.5,49,2022-01-12 04:28:40 UTC
c8fe6573-3d81-4d22-b6c5-0c7929d0f97e,1641961664,1641961656,24.5,49,2022-01-12 04:27:40 UTC
c8fe6573-3d81-4d22-b6c5-0c7929d0f97e,1641961664,1641961664,24.5,49,2022-01-12 04:28:40 UTC
c8fe6573-3d81-4d22-b6c5-0c7929d0f97e,1641961604,1641961604,24.5,49,2022-01-12 04:28:40 UTC
c8fe6573-3d81-4d22-b6c5-0c7929d0f97e,1641961604,1641961596,24.5,49,2022-01-12 04:27:40 UTC
c8fe6573-3d81-4d22-b6c5-0c7929d0f97e,1641961544,1641961544,24.5,49,2022-01-12 04:28:40 UTC
c8fe6573-3d81-4d22-b6c5-0c7929d0f97e,1641961484,1641961484,24.5,49,2022-01-12 04:28:40 UTC
c8fe6573-3d81-4d22-b6c5-0c7929d0f97e,1641961484,1641961476,24.5,49,2022-01-12 04:27:40 UTC
c8fe6573-3d81-4d22-b6c5-0c7929d0f97e,1641961424,1641961416,24.5,49,2022-01-12 04:27:40 UTC
c8fe6573-3d81-4d22-b6c5-0c7929d0f97e,1641961424,1641961425,24.5,49,2022-01-12 04:28:40 UTC
c8fe6573-3d81-4d22-b6c5-0c7929d0f97e,1641961364,1641961364,24.5,49,2022-01-12 04:28:40 UTC
c8fe6573-3d81-4d22-b6c5-0c7929d0f97e,1641961364,1641961356,24.5,49,2022-01-12 04:27:40 UTC
c8fe6573-3d81-4d22-b6c5-0c7929d0f97e,1641961304,1641961304,24.5,49,2022-01-12 04:28:40 UTC
c8fe6573-3d81-4d22-b6c5-0c7929d0f97e,1641961304,1641961296,24.5,49,2022-01-12 04:27:40 UTC
c8fe6573-3d81-4d22-b6c5-0c7929d0f97e,1641961244,1641961236,24.6,49,2022-01-12 04:27:40 UTC
c8fe6573-3d81-4d22-b6c5-0c7929d0f97e,1641961244,1641961244,24.6,49,2022-01-12 04:28:40 UTC
c8fe6573-3d81-4d22-b6c5-0c7929d0f97e,1641961184,1641961185,24.5,49,2022-01-12 04:28:40 UTC
c8fe6573-3d81-4d22-b6c5-0c7929d0f97e,1641961124,1641961116,24.5,49,2022-01-12 04:27:40 UTC
c8fe6573-3d81-4d22-b6c5-0c7929d0f97e,1641961124,1641961124,24.5,49,2022-01-12 04:28:40 UTC
c8fe6573-3d81-4d22-b6c5-0c7929d0f97e,1641961064,1641961064,24.6,49,2022-01-12 04:28:40 UTC
c8fe6573-3d81-4d22-b6c5-0c7929d0f97e,1641961064,1641961056,24.6,49,2022-01-12 04:27:40 UTC
c8fe6573-3d81-4d22-b6c5-0c7929d0f97e,1641961004,1641961004,24.5,49,2022-01-12 04:16:40 UTC
c8fe6573-3d81-4d22-b6c5-0c7929d0f97e,1641961004,1641960996,24.5,49,2022-01-12 04:27:40 UTC
c8fe6573-3d81-4d22-b6c5-0c7929d0f97e,1641960944,1641960936,24.6,49,2022-01-12 04:27:40 UTC
c8fe6573-3d81-4d22-b6c5-0c7929d0f97e,1641960944,1641960944,24.6,49,2022-01-12 04:16:40 UTC
c8fe6573-3d81-4d22-b6c5-0c7929d0f97e,1641960884,1641960876,24.6,49,2022-01-12 04:27:40 UTC
c8fe6573-3d81-4d22-b6c5-0c7929d0f97e,1641960884,1641960884,24.6,49,2022-01-12 04:16:40 UTC
c8fe6573-3d81-4d22-b6c5-0c7929d0f97e,1641960824,1641960824,24.5,49,2022-01-12 04:16:40 UTC
c8fe6573-3d81-4d22-b6c5-0c7929d0f97e,1641960764,1641960764,24.5,49,2022-01-12 04:16:40 UTC
c8fe6573-3d81-4d22-b6c5-0c7929d0f97e,1641960764,1641960756,24.5,49,2022-01-12 04:12:40 UTC
c8fe6573-3d81-4d22-b6c5-0c7929d0f97e,1641960704,1641960696,24.5,49,2022-01-12 04:12:40 UTC
c8fe6573-3d81-4d22-b6c5-0c7929d0f97e,1641960704,1641960704,24.5,49,2022-01-12 04:16:40 UTC
c8fe6573-3d81-4d22-b6c5-0c7929d0f97e,1641960644,1641960636,24.6,49,2022-01-12 04:12:40 UTC
c8fe6573-3d81-4d22-b6c5-0c7929d0f97e,1641960644,1641960644,24.6,49,2022-01-12 04:16:40 UTC
c8fe6573-3d81-4d22-b6c5-0c7929d0f97e,1641960584,1641960577,24.6,49,2022-01-12 04:12:40 UTC
c8fe6573-3d81-4d22-b6c5-0c7929d0f97e,1641960584,1641960585,24.6,49,2022-01-12 04:16:40 UTC
c8fe6573-3d81-4d22-b6c5-0c7929d0f97e,1641960524,1641960517,24.6,49,2022-01-12 04:12:40 UTC
c8fe6573-3d81-4d22-b6c5-0c7929d0f97e,1641960524,1641960525,24.6,49,2022-01-12 04:16:40 UTC
c8fe6573-3d81-4d22-b6c5-0c7929d0f97e,1641960464,1641960464,24.6,49,2022-01-12 04:16:40 UTC
c8fe6573-3d81-4d22-b6c5-0c7929d0f97e,1641960464,1641960456,24.6,49,2022-01-12 04:12:40 UTC
c8fe6573-3d81-4d22-b6c5-0c7929d0f97e,1641960404,1641960404,24.6,49,2022-01-12 04:16:40 UTC
c8fe6573-3d81-4d22-b6c5-0c7929d0f97e,1641960404,1641960396,24.6,49,2022-01-12 04:12:40 UTC
c8fe6573-3d81-4d22-b6c5-0c7929d0f97e,1641960344,1641960336,24.6,49,2022-01-12 04:12:40 UTC
c8fe6573-3d81-4d22-b6c5-0c7929d0f97e,1641960344,1641960344,24.6,49,2022-01-12 04:16:40 UTC
c8fe6573-3d81-4d22-b6c5-0c7929d0f97e,1641960284,1641960284,24.6,49,2022-01-12 04:04:40 UTC
c8fe6573-3d81-4d22-b6c5-0c7929d0f97e,1641960224,1641960216,24.6,49,2022-01-12 04:12:40 UTC
c8fe6573-3d81-4d22-b6c5-0c7929d0f97e,1641960224,1641960224,24.6,49,2022-01-12 04:04:40 UTC
c8fe6573-3d81-4d22-b6c5-0c7929d0f97e,1641960164,1641960156,24.7,49,2022-01-12 04:12:40 UTC
c8fe6573-3d81-4d22-b6c5-0c7929d0f97e,1641960164,1641960164,24.7,49,2022-01-12 04:04:40 UTC
c8fe6573-3d81-4d22-b6c5-0c7929d0f97e,1641960104,1641960097,24.6,50,2022-01-12 04:12:40 UTC
c8fe6573-3d81-4d22-b6c5-0c7929d0f97e,1641960104,1641960105,24.6,50,2022-01-12 04:04:40 UTC
c8fe6573-3d81-4d22-b6c5-0c7929d0f97e,1641960044,1641960045,24.7,50,2022-01-12 04:04:40 UTC
c8fe6573-3d81-4d22-b6c5-0c7929d0f97e,1641959984,1641959984,24.7,50,2022-01-12 04:04:40 UTC
c8fe6573-3d81-4d22-b6c5-0c7929d0f97e,1641959984,1641959976,24.7,50,2022-01-12 04:12:40 UTC
c8fe6573-3d81-4d22-b6c5-0c7929d0f97e,1641959924,1641959917,24.7,50,2022-01-12 03:58:41 UTC
c8fe6573-3d81-4d22-b6c5-0c7929d0f97e,1641959924,1641959925,24.7,50,2022-01-12 04:04:40 UTC
c8fe6573-3d81-4d22-b6c5-0c7929d0f97e,1641959864,1641959856,24.7,50,2022-01-12 03:58:41 UTC
c8fe6573-3d81-4d22-b6c5-0c7929d0f97e,1641959864,1641959864,24.7,50,2022-01-12 04:04:40 UTC
c8fe6573-3d81-4d22-b6c5-0c7929d0f97e,1641959804,1641959804,24.7,50,2022-01-12 04:04:40 UTC
c8fe6573-3d81-4d22-b6c5-0c7929d0f97e,1641959744,1641959744,24.8,50,2022-01-12 04:04:40 UTC
c8fe6573-3d81-4d22-b6c5-0c7929d0f97e,1641959744,1641959736,24.8,50,2022-01-12 03:58:41 UTC
c8fe6573-3d81-4d22-b6c5-0c7929d0f97e,1641959684,1641959684,24.7,50,2022-01-12 04:04:40 UTC
c8fe6573-3d81-4d22-b6c5-0c7929d0f97e,1641959684,1641959676,24.7,50,2022-01-12 03:58:41 UTC
c8fe6573-3d81-4d22-b6c5-0c7929d0f97e,1641959624,1641959616,24.8,50,2022-01-12 03:58:41 UTC
c8fe6573-3d81-4d22-b6c5-0c7929d0f97e,1641959624,1641959624,24.8,50,2022-01-12 04:04:40 UTC
c8fe6573-3d81-4d22-b6c5-0c7929d0f97e,1641959564,1641959564,24.9,50,2022-01-12 03:52:40 UTC
c8fe6573-3d81-4d22-b6c5-0c7929d0f97e,1641959564,1641959556,24.9,50,2022-01-12 03:58:41 UTC
c8fe6573-3d81-4d22-b6c5-0c7929d0f97e,1641959504,1641959496,24.9,50,2022-01-12 03:58:41 UTC
c8fe6573-3d81-4d22-b6c5-0c7929d0f97e,1641959504,1641959504,24.9,50,2022-01-12 03:52:40 UTC
c8fe6573-3d81-4d22-b6c5-0c7929d0f97e,1641959443,1641959436,24.9,50,2022-01-12 03:58:41 UTC
c8fe6573-3d81-4d22-b6c5-0c7929d0f97e,1641959443,1641959445,24.9,50,2022-01-12 03:52:40 UTC
c8fe6573-3d81-4d22-b6c5-0c7929d0f97e,1641959383,1641959376,24.9,50,2022-01-12 03:58:41 UTC
c8fe6573-3d81-4d22-b6c5-0c7929d0f97e,1641959383,1641959384,24.9,50,2022-01-12 03:52:40 UTC
c8fe6573-3d81-4d22-b6c5-0c7929d0f97e,1641959323,1641959325,24.9,50,2022-01-12 03:52:40 UTC
c8fe6573-3d81-4d22-b6c5-0c7929d0f97e,1641959323,1641959317,24.9,50,2022-01-12 03:58:41 UTC
c8fe6573-3d81-4d22-b6c5-0c7929d0f97e,1641959263,1641959256,24.9,50,2022-01-12 03:58:41 UTC
c8fe6573-3d81-4d22-b6c5-0c7929d0f97e,1641959263,1641959265,24.9,50,2022-01-12 03:52:40 UTC
c8fe6573-3d81-4d22-b6c5-0c7929d0f97e,1641959203,1641959200,24.9,50,2022-01-12 03:58:41 UTC
c8fe6573-3d81-4d22-b6c5-0c7929d0f97e,1641959203,1641959208,24.9,50,2022-01-12 03:52:40 UTC
c8fe6573-3d81-4d22-b6c5-0c7929d0f97e,1641959143,1641959144,25.0,50,2022-01-12 03:52:40 UTC
c8fe6573-3d81-4d22-b6c5-0c7929d0f97e,1641959143,1641959136,25.0,50,2022-01-12 03:45:40 UTC
c8fe6573-3d81-4d22-b6c5-0c7929d0f97e,1641959083,1641959076,25.0,50,2022-01-12 03:45:40 UTC
c8fe6573-3d81-4d22-b6c5-0c7929d0f97e,1641959083,1641959085,25.0,50,2022-01-12 03:52:40 UTC
c8fe6573-3d81-4d22-b6c5-0c7929d0f97e,1641959023,1641959030,25.0,50,2022-01-12 03:45:40 UTC
c8fe6573-3d81-4d22-b6c5-0c7929d0f97e,1641959023,1641959038,25.0,50,2022-01-12 03:52:40 UTC
c8fe6573-3d81-4d22-b6c5-0c7929d0f97e,1641958963,1641958964,25.0,50,2022-01-12 03:52:40 UTC
c8fe6573-3d81-4d22-b6c5-0c7929d0f97e,1641958903,1641958896,25.0,51,2022-01-12 03:45:40 UTC
c8fe6573-3d81-4d22-b6c5-0c7929d0f97e,1641958903,1641958904,25.0,51,2022-01-12 03:52:40 UTC
c8fe6573-3d81-4d22-b6c5-0c7929d0f97e,1641958843,1641958836,25.0,51,2022-01-12 03:45:40 UTC
c8fe6573-3d81-4d22-b6c5-0c7929d0f97e,1641958843,1641958845,25.0,51,2022-01-12 03:40:41 UTC
c8fe6573-3d81-4d22-b6c5-0c7929d0f97e,1641958783,1641958787,25.1,51,2022-01-12 03:40:41 UTC
c8fe6573-3d81-4d22-b6c5-0c7929d0f97e,1641958783,1641958778,25.1,51,2022-01-12 03:45:40 UTC
c8fe6573-3d81-4d22-b6c5-0c7929d0f97e,1641958723,1641958725,25.1,51,2022-01-12 03:40:41 UTC
c8fe6573-3d81-4d22-b6c5-0c7929d0f97e,1641958723,1641958716,25.1,51,2022-01-12 03:45:40 UTC
c8fe6573-3d81-4d22-b6c5-0c7929d0f97e,1641958663,1641958656,25.1,51,2022-01-12 03:45:40 UTC
c8fe6573-3d81-4d22-b6c5-0c7929d0f97e,1641958663,1641958665,25.1,51,2022-01-12 03:40:41 UTC
c8fe6573-3d81-4d22-b6c5-0c7929d0f97e,1641958603,1641958605,25.1,51,2022-01-12 03:40:41 UTC
c8fe6573-3d81-4d22-b6c5-0c7929d0f97e,1641958603,1641958596,25.1,51,2022-01-12 03:45:40 UTC
c8fe6573-3d81-4d22-b6c5-0c7929d0f97e,1641958543,1641958537,25.1,51,2022-01-12 03:45:40 UTC
c8fe6573-3d81-4d22-b6c5-0c7929d0f97e,1641958543,1641958545,25.1,51,2022-01-12 03:40:41 UTC
c8fe6573-3d81-4d22-b6c5-0c7929d0f97e,1641958483,1641958476,25.1,51,2022-01-12 03:45:40 UTC
c8fe6573-3d81-4d22-b6c5-0c7929d0f97e,1641958483,1641958484,25.1,51,2022-01-12 03:40:41 UTC
c8fe6573-3d81-4d22-b6c5-0c7929d0f97e,1641958423,1641958425,25.1,52,2022-01-12 03:40:41 UTC
c8fe6573-3d81-4d22-b6c5-0c7929d0f97e,1641958423,1641958416,25.1,52,2022-01-12 03:45:40 UTC
c8fe6573-3d81-4d22-b6c5-0c7929d0f97e,1641958363,1641958356,25.1,52,2022-01-12 03:32:40 UTC
c8fe6573-3d81-4d22-b6c5-0c7929d0f97e,1641958363,1641958365,25.1,52,2022-01-12 03:40:41 UTC
c8fe6573-3d81-4d22-b6c5-0c7929d0f97e,1641958303,1641958313,25.1,52,2022-01-12 03:40:41 UTC
c8fe6573-3d81-4d22-b6c5-0c7929d0f97e,1641958303,1641958305,25.1,52,2022-01-12 03:32:40 UTC
c8fe6573-3d81-4d22-b6c5-0c7929d0f97e,1641958243,1641958236,25.2,52,2022-01-12 03:32:40 UTC
c8fe6573-3d81-4d22-b6c5-0c7929d0f97e,1641958243,1641958245,25.2,52,2022-01-12 03:40:41 UTC
c8fe6573-3d81-4d22-b6c5-0c7929d0f97e,1641958183,1641958185,25.2,51,2022-01-12 03:30:07 UTC
c8fe6573-3d81-4d22-b6c5-0c7929d0f97e,1641958183,1641958177,25.2,51,2022-01-12 03:32:40 UTC
c8fe6573-3d81-4d22-b6c5-0c7929d0f97e,1641958123,1641958125,25.2,52,2022-01-12 03:30:07 UTC
c8fe6573-3d81-4d22-b6c5-0c7929d0f97e,1641958123,1641958116,25.2,52,2022-01-12 03:32:40 UTC
c8fe6573-3d81-4d22-b6c5-0c7929d0f97e,1641958063,1641958057,25.2,52,2022-01-12 03:32:40 UTC
c8fe6573-3d81-4d22-b6c5-0c7929d0f97e,1641958063,1641958065,25.2,52,2022-01-12 03:30:07 UTC
c8fe6573-3d81-4d22-b6c5-0c7929d0f97e,1641958003,1641958004,25.2,52,2022-01-12 03:30:07 UTC
c8fe6573-3d81-4d22-b6c5-0c7929d0f97e,1641958003,1641957996,25.2,52,2022-01-12 03:26:40 UTC
c8fe6573-3d81-4d22-b6c5-0c7929d0f97e,1641957943,1641957937,25.3,52,2022-01-12 03:26:40 UTC
c8fe6573-3d81-4d22-b6c5-0c7929d0f97e,1641957943,1641957946,25.3,52,2022-01-12 03:30:07 UTC
c8fe6573-3d81-4d22-b6c5-0c7929d0f97e,1641957883,1641957878,25.3,52,2022-01-12 03:26:40 UTC
c8fe6573-3d81-4d22-b6c5-0c7929d0f97e,1641957883,1641957886,25.3,52,2022-01-12 03:25:27 UTC
c8fe6573-3d81-4d22-b6c5-0c7929d0f97e,1641957823,1641957825,25.3,53,2022-01-12 03:25:27 UTC
c8fe6573-3d81-4d22-b6c5-0c7929d0f97e,1641957823,1641957817,25.3,53,2022-01-12 03:26:40 UTC
c8fe6573-3d81-4d22-b6c5-0c7929d0f97e,1641957763,1641957765,25.4,53,2022-01-12 03:25:27 UTC
c8fe6573-3d81-4d22-b6c5-0c7929d0f97e,1641957763,1641957757,25.4,53,2022-01-12 03:22:47 UTC
c8fe6573-3d81-4d22-b6c5-0c7929d0f97e,1641957703,1641957697,25.4,53,2022-01-12 03:22:47 UTC
c8fe6573-3d81-4d22-b6c5-0c7929d0f97e,1641957643,1641957636,25.4,53,2022-01-12 03:22:47 UTC
c8fe6573-3d81-4d22-b6c5-0c7929d0f97e,1641957583,1641957578,25.4,53,2022-01-12 03:22:47 UTC
c8fe6573-3d81-4d22-b6c5-0c7929d0f97e,1641957523,1641957516,25.4,53,2022-01-12 03:19:18 UTC
c8fe6573-3d81-4d22-b6c5-0c7929d0f97e,1641957523,1641957525,25.4,53,2022-01-12 03:18:42 UTC
c8fe6573-3d81-4d22-b6c5-0c7929d0f97e,1641957463,1641957466,25.4,53,2022-01-12 03:18:42 UTC
c8fe6573-3d81-4d22-b6c5-0c7929d0f97e,1641957463,1641958074,25.4,53,2022-01-12 03:32:40 UTC
c8fe6573-3d81-4d22-b6c5-0c7929d0f97e,1641957463,1641958083,25.4,53,2022-01-12 03:30:07 UTC
c8fe6573-3d81-4d22-b6c5-0c7929d0f97e,1641957463,1641957458,25.4,53,2022-01-12 03:19:18 UTC
c8fe6573-3d81-4d22-b6c5-0c7929d0f97e,1641957403,1641957405,25.4,53,2022-01-12 03:18:42 UTC
c8fe6573-3d81-4d22-b6c5-0c7929d0f97e,1641957403,1641957396,25.4,53,2022-01-12 03:19:18 UTC
c8fe6573-3d81-4d22-b6c5-0c7929d0f97e,1641957343,1641957345,25.5,53,2022-01-12 03:18:42 UTC
c8fe6573-3d81-4d22-b6c5-0c7929d0f97e,1641957283,1641958040,25.5,54,2022-01-12 03:32:40 UTC
c8fe6573-3d81-4d22-b6c5-0c7929d0f97e,1641957283,1641958048,25.5,54,2022-01-12 03:30:07 UTC
c8fe6573-3d81-4d22-b6c5-0c7929d0f97e,1641957223,1641957225,25.5,54,2022-01-12 03:15:24 UTC
c8fe6573-3d81-4d22-b6c5-0c7929d0f97e,1641957163,1641957165,25.6,54,2022-01-12 03:15:24 UTC
c8fe6573-3d81-4d22-b6c5-0c7929d0f97e,1641957163,1641958166,25.6,54,2022-01-12 03:32:40 UTC
c8fe6573-3d81-4d22-b6c5-0c7929d0f97e,1641957163,1641958175,25.6,54,2022-01-12 03:30:07 UTC
