device_id,timestamp,power,energy,created_at
1c6ca16a-902b-4b67-be7e-472c248fad05,1638499011,117.0,27948.0,2021-12-03 03:47:04 UTC
1c6ca16a-902b-4b67-be7e-472c248fad05,1638498951,120.0,27943.0,2021-12-03 02:35:52 UTC
1c6ca16a-902b-4b67-be7e-472c248fad05,1638498891,117.0,27937.0,2021-12-03 02:35:52 UTC
1c6ca16a-902b-4b67-be7e-472c248fad05,1638498831,131.0,27931.0,2021-12-03 02:35:52 UTC
1c6ca16a-902b-4b67-be7e-472c248fad05,1638498771,110.0,27924.0,2021-12-03 02:35:52 UTC
1c6ca16a-902b-4b67-be7e-472c248fad05,1638498711,113.0,27919.0,2021-12-03 02:35:52 UTC
1c6ca16a-902b-4b67-be7e-472c248fad05,1638498651,117.0,27913.0,2021-12-03 02:35:52 UTC
1c6ca16a-902b-4b67-be7e-472c248fad05,1638498591,124.0,27907.0,2021-12-03 02:35:52 UTC
1c6ca16a-902b-4b67-be7e-472c248fad05,1638498531,124.0,27901.0,2021-12-03 02:35:52 UTC
1c6ca16a-902b-4b67-be7e-472c248fad05,1638498471,117.0,27895.0,2021-12-03 02:35:52 UTC
1c6ca16a-902b-4b67-be7e-472c248fad05,1638498411,120.0,27889.0,2021-12-03 02:35:52 UTC
1c6ca16a-902b-4b67-be7e-472c248fad05,1638498351,120.0,27883.0,2021-12-03 02:35:52 UTC
1c6ca16a-902b-4b67-be7e-472c248fad05,1638498291,127.0,27877.0,2021-12-03 02:35:52 UTC
1c6ca16a-902b-4b67-be7e-472c248fad05,1638498231,120.0,27870.0,2021-12-03 02:23:52 UTC
1c6ca16a-902b-4b67-be7e-472c248fad05,1638498171,131.0,27864.0,2021-12-03 02:23:52 UTC
1c6ca16a-902b-4b67-be7e-472c248fad05,1638498111,131.0,27858.0,2021-12-03 02:23:52 UTC
1c6ca16a-902b-4b67-be7e-472c248fad05,1638498051,127.0,27851.0,2021-12-03 02:23:52 UTC
1c6ca16a-902b-4b67-be7e-472c248fad05,1638497991,117.0,27845.0,2021-12-03 02:23:52 UTC
1c6ca16a-902b-4b67-be7e-472c248fad05,1638497931,124.0,27839.0,2021-12-03 02:23:52 UTC
1c6ca16a-902b-4b67-be7e-472c248fad05,1638497871,127.0,27833.0,2021-12-03 02:23:52 UTC
1c6ca16a-902b-4b67-be7e-472c248fad05,1638497811,134.0,27826.0,2021-12-03 02:23:52 UTC
1c6ca16a-902b-4b67-be7e-472c248fad05,1638497751,120.0,27819.0,2021-12-03 02:23:52 UTC
1c6ca16a-902b-4b67-be7e-472c248fad05,1638497691,127.0,27813.0,2021-12-03 02:23:52 UTC
1c6ca16a-902b-4b67-be7e-472c248fad05,1638497631,127.0,27807.0,2021-12-03 02:23:52 UTC
1c6ca16a-902b-4b67-be7e-472c248fad05,1638497571,124.0,27801.0,2021-12-03 02:23:52 UTC
1c6ca16a-902b-4b67-be7e-472c248fad05,1638497511,127.0,27794.0,2021-12-03 02:11:52 UTC
1c6ca16a-902b-4b67-be7e-472c248fad05,1638497451,127.0,27788.0,2021-12-03 02:11:52 UTC
1c6ca16a-902b-4b67-be7e-472c248fad05,1638497391,131.0,27782.0,2021-12-03 02:11:52 UTC
1c6ca16a-902b-4b67-be7e-472c248fad05,1638497331,127.0,27775.0,2021-12-03 02:11:52 UTC
1c6ca16a-902b-4b67-be7e-472c248fad05,1638497271,127.0,27769.0,2021-12-03 02:11:52 UTC
1c6ca16a-902b-4b67-be7e-472c248fad05,1638497211,124.0,27762.0,2021-12-03 02:11:52 UTC
1c6ca16a-902b-4b67-be7e-472c248fad05,1638497151,124.0,27756.0,2021-12-03 02:11:52 UTC
1c6ca16a-902b-4b67-be7e-472c248fad05,1638497091,127.0,27750.0,2021-12-03 02:11:52 UTC
1c6ca16a-902b-4b67-be7e-472c248fad05,1638497031,124.0,27743.0,2021-12-03 02:11:52 UTC
1c6ca16a-902b-4b67-be7e-472c248fad05,1638496971,124.0,27737.0,2021-12-03 02:11:52 UTC
1c6ca16a-902b-4b67-be7e-472c248fad05,1638496911,124.0,27731.0,2021-12-03 02:11:52 UTC
1c6ca16a-902b-4b67-be7e-472c248fad05,1638496851,127.0,27725.0,2021-12-03 02:11:52 UTC
1c6ca16a-902b-4b67-be7e-472c248fad05,1638496791,127.0,27718.0,2021-12-03 01:59:52 UTC
1c6ca16a-902b-4b67-be7e-472c248fad05,1638496731,113.0,27712.0,2021-12-03 01:59:52 UTC
1c6ca16a-902b-4b67-be7e-472c248fad05,1638496671,127.0,27706.0,2021-12-03 01:59:52 UTC
1c6ca16a-902b-4b67-be7e-472c248fad05,1638496611,120.0,27700.0,2021-12-03 01:59:52 UTC
1c6ca16a-902b-4b67-be7e-472c248fad05,1638496551,127.0,27694.0,2021-12-03 01:59:52 UTC
1c6ca16a-902b-4b67-be7e-472c248fad05,1638496491,124.0,27688.0,2021-12-03 01:59:52 UTC
1c6ca16a-902b-4b67-be7e-472c248fad05,1638496431,113.0,27681.0,2021-12-03 01:59:52 UTC
1c6ca16a-902b-4b67-be7e-472c248fad05,1638496371,124.0,27676.0,2021-12-03 01:59:52 UTC
1c6ca16a-902b-4b67-be7e-472c248fad05,1638496311,127.0,27669.0,2021-12-03 01:59:52 UTC
1c6ca16a-902b-4b67-be7e-472c248fad05,1638496251,124.0,27663.0,2021-12-03 01:59:52 UTC
1c6ca16a-902b-4b67-be7e-472c248fad05,1638496191,124.0,27657.0,2021-12-03 01:59:52 UTC
1c6ca16a-902b-4b67-be7e-472c248fad05,1638496131,120.0,27651.0,2021-12-03 01:59:52 UTC
1c6ca16a-902b-4b67-be7e-472c248fad05,1638496071,134.0,27645.0,2021-12-03 01:47:52 UTC
1c6ca16a-902b-4b67-be7e-472c248fad05,1638496011,127.0,27638.0,2021-12-03 01:47:52 UTC
1c6ca16a-902b-4b67-be7e-472c248fad05,1638495951,124.0,27631.0,2021-12-03 01:47:52 UTC
1c6ca16a-902b-4b67-be7e-472c248fad05,1638495891,127.0,27625.0,2021-12-03 01:47:52 UTC
1c6ca16a-902b-4b67-be7e-472c248fad05,1638495831,131.0,27619.0,2021-12-03 01:47:52 UTC
1c6ca16a-902b-4b67-be7e-472c248fad05,1638495771,124.0,27612.0,2021-12-03 01:47:52 UTC
1c6ca16a-902b-4b67-be7e-472c248fad05,1638495711,124.0,27606.0,2021-12-03 01:47:52 UTC
1c6ca16a-902b-4b67-be7e-472c248fad05,1638495651,131.0,27600.0,2021-12-03 01:47:52 UTC
1c6ca16a-902b-4b67-be7e-472c248fad05,1638495591,127.0,27593.0,2021-12-03 01:47:52 UTC
1c6ca16a-902b-4b67-be7e-472c248fad05,1638495531,127.0,27587.0,2021-12-03 01:47:52 UTC
1c6ca16a-902b-4b67-be7e-472c248fad05,1638495471,131.0,27580.0,2021-12-03 01:47:52 UTC
1c6ca16a-902b-4b67-be7e-472c248fad05,1638495411,138.0,27574.0,2021-12-03 01:47:52 UTC
1c6ca16a-902b-4b67-be7e-472c248fad05,1638495351,127.0,27567.0,2021-12-03 01:35:52 UTC
1c6ca16a-902b-4b67-be7e-472c248fad05,1638495291,124.0,27561.0,2021-12-03 01:35:52 UTC
1c6ca16a-902b-4b67-be7e-472c248fad05,1638495231,124.0,27554.0,2021-12-03 01:35:52 UTC
1c6ca16a-902b-4b67-be7e-472c248fad05,1638495171,117.0,27548.0,2021-12-03 01:35:52 UTC
1c6ca16a-902b-4b67-be7e-472c248fad05,1638495111,113.0,27542.0,2021-12-03 01:35:52 UTC
1c6ca16a-902b-4b67-be7e-472c248fad05,1638495051,117.0,27537.0,2021-12-03 01:35:52 UTC
1c6ca16a-902b-4b67-be7e-472c248fad05,1638494991,110.0,27531.0,2021-12-03 01:35:52 UTC
1c6ca16a-902b-4b67-be7e-472c248fad05,1638494931,120.0,27525.0,2021-12-03 01:35:52 UTC
1c6ca16a-902b-4b67-be7e-472c248fad05,1638494871,124.0,27519.0,2021-12-03 01:35:52 UTC
1c6ca16a-902b-4b67-be7e-472c248fad05,1638494811,110.0,27513.0,2021-12-03 01:35:52 UTC
1c6ca16a-902b-4b67-be7e-472c248fad05,1638494751,120.0,27507.0,2021-12-03 01:35:52 UTC
1c6ca16a-902b-4b67-be7e-472c248fad05,1638494691,113.0,27501.0,2021-12-03 01:35:52 UTC
1c6ca16a-902b-4b67-be7e-472c248fad05,1638494631,117.0,27496.0,2021-12-03 01:23:52 UTC
1c6ca16a-902b-4b67-be7e-472c248fad05,1638494571,127.0,27490.0,2021-12-03 01:23:52 UTC
1c6ca16a-902b-4b67-be7e-472c248fad05,1638494511,127.0,27483.0,2021-12-03 01:23:52 UTC
1c6ca16a-902b-4b67-be7e-472c248fad05,1638494451,124.0,27477.0,2021-12-03 01:23:52 UTC
1c6ca16a-902b-4b67-be7e-472c248fad05,1638494391,117.0,27471.0,2021-12-03 01:23:52 UTC
1c6ca16a-902b-4b67-be7e-472c248fad05,1638494331,124.0,27465.0,2021-12-03 01:23:52 UTC
1c6ca16a-902b-4b67-be7e-472c248fad05,1638494271,134.0,27459.0,2021-12-03 01:23:52 UTC
1c6ca16a-902b-4b67-be7e-472c248fad05,1638494211,120.0,27452.0,2021-12-03 01:23:52 UTC
1c6ca16a-902b-4b67-be7e-472c248fad05,1638494151,120.0,27446.0,2021-12-03 01:23:52 UTC
1c6ca16a-902b-4b67-be7e-472c248fad05,1638494091,117.0,27440.0,2021-12-03 01:23:52 UTC
1c6ca16a-902b-4b67-be7e-472c248fad05,1638494031,120.0,27434.0,2021-12-03 01:23:52 UTC
1c6ca16a-902b-4b67-be7e-472c248fad05,1638493971,117.0,27428.0,2021-12-03 01:23:52 UTC
1c6ca16a-902b-4b67-be7e-472c248fad05,1638493911,120.0,27422.0,2021-12-03 01:11:52 UTC
1c6ca16a-902b-4b67-be7e-472c248fad05,1638493851,120.0,27416.0,2021-12-03 01:11:52 UTC
1c6ca16a-902b-4b67-be7e-472c248fad05,1638493791,120.0,27410.0,2021-12-03 01:11:52 UTC
1c6ca16a-902b-4b67-be7e-472c248fad05,1638493731,127.0,27404.0,2021-12-03 01:11:52 UTC
1c6ca16a-902b-4b67-be7e-472c248fad05,1638493671,120.0,27398.0,2021-12-03 01:11:52 UTC
1c6ca16a-902b-4b67-be7e-472c248fad05,1638493611,124.0,27392.0,2021-12-03 01:11:52 UTC
1c6ca16a-902b-4b67-be7e-472c248fad05,1638493551,113.0,27385.0,2021-12-03 01:11:52 UTC
1c6ca16a-902b-4b67-be7e-472c248fad05,1638493491,127.0,27380.0,2021-12-03 01:11:52 UTC
1c6ca16a-902b-4b67-be7e-472c248fad05,1638493431,152.0,27373.0,2021-12-03 01:11:52 UTC
1c6ca16a-902b-4b67-be7e-472c248fad05,1638493371,156.0,27366.0,2021-12-03 01:11:52 UTC
1c6ca16a-902b-4b67-be7e-472c248fad05,1638493311,159.0,27358.0,2021-12-03 01:11:52 UTC
1c6ca16a-902b-4b67-be7e-472c248fad05,1638493251,1115.0,27350.0,2021-12-03 01:11:52 UTC
1c6ca16a-902b-4b67-be7e-472c248fad05,1638493191,1129.0,27294.0,2021-12-03 01:00:47 UTC
1c6ca16a-902b-4b67-be7e-472c248fad05,1638493131,1133.0,27238.0,2021-12-03 01:00:47 UTC
1c6ca16a-902b-4b67-be7e-472c248fad05,1638493071,1157.0,27181.0,2021-12-03 01:00:47 UTC
1c6ca16a-902b-4b67-be7e-472c248fad05,1638493011,1172.0,27123.0,2021-12-03 01:00:47 UTC
1c6ca16a-902b-4b67-be7e-472c248fad05,1638492951,1129.0,27064.0,2021-12-03 01:00:47 UTC
1c6ca16a-902b-4b67-be7e-472c248fad05,1638492891,1147.0,27008.0,2021-12-03 01:00:47 UTC
1c6ca16a-902b-4b67-be7e-472c248fad05,1638492831,1179.0,26951.0,2021-12-03 00:53:53 UTC
1c6ca16a-902b-4b67-be7e-472c248fad05,1638492771,1108.0,26892.0,2021-12-03 00:53:53 UTC
1c6ca16a-902b-4b67-be7e-472c248fad05,1638492711,1165.0,26836.0,2021-12-03 00:53:53 UTC
1c6ca16a-902b-4b67-be7e-472c248fad05,1638492651,1136.0,26778.0,2021-12-03 00:53:53 UTC
1c6ca16a-902b-4b67-be7e-472c248fad05,1638492591,1168.0,26721.0,2021-12-03 00:53:53 UTC
1c6ca16a-902b-4b67-be7e-472c248fad05,1638492531,1157.0,26663.0,2021-12-03 00:53:53 UTC
1c6ca16a-902b-4b67-be7e-472c248fad05,1638492471,1118.0,26605.0,2021-12-03 00:53:53 UTC
1c6ca16a-902b-4b67-be7e-472c248fad05,1638492411,1108.0,26549.0,2021-12-03 00:53:53 UTC
1c6ca16a-902b-4b67-be7e-472c248fad05,1638492351,1150.0,26494.0,2021-12-03 00:53:53 UTC
1c6ca16a-902b-4b67-be7e-472c248fad05,1638492291,1150.0,26436.0,2021-12-03 00:53:53 UTC
1c6ca16a-902b-4b67-be7e-472c248fad05,1638492231,1118.0,26378.0,2021-12-03 00:53:53 UTC
1c6ca16a-902b-4b67-be7e-472c248fad05,1638492171,1147.0,26322.0,2021-12-03 00:53:53 UTC
1c6ca16a-902b-4b67-be7e-472c248fad05,1638492111,1150.0,26265.0,2021-12-03 00:41:53 UTC
1c6ca16a-902b-4b67-be7e-472c248fad05,1638492051,1125.0,26208.0,2021-12-03 00:41:53 UTC
1c6ca16a-902b-4b67-be7e-472c248fad05,1638491991,1125.0,26151.0,2021-12-03 00:41:53 UTC
1c6ca16a-902b-4b67-be7e-472c248fad05,1638491931,1150.0,26095.0,2021-12-03 00:41:53 UTC
1c6ca16a-902b-4b67-be7e-472c248fad05,1638491871,1104.0,26037.0,2021-12-03 00:41:53 UTC
1c6ca16a-902b-4b67-be7e-472c248fad05,1638491811,1125.0,25982.0,2021-12-03 00:41:53 UTC
1c6ca16a-902b-4b67-be7e-472c248fad05,1638491751,1161.0,25926.0,2021-12-03 00:41:53 UTC
1c6ca16a-902b-4b67-be7e-472c248fad05,1638491691,1172.0,25868.0,2021-12-03 00:41:53 UTC
1c6ca16a-902b-4b67-be7e-472c248fad05,1638491631,1200.0,25809.0,2021-12-03 00:41:53 UTC
1c6ca16a-902b-4b67-be7e-472c248fad05,1638491571,1133.0,25749.0,2021-12-03 00:41:53 UTC
1c6ca16a-902b-4b67-be7e-472c248fad05,1638491511,1207.0,25693.0,2021-12-03 00:41:53 UTC
1c6ca16a-902b-4b67-be7e-472c248fad05,1638491451,1143.0,25632.0,2021-12-03 00:41:53 UTC
1c6ca16a-902b-4b67-be7e-472c248fad05,1638491391,1136.0,25575.0,2021-12-03 00:30:48 UTC
1c6ca16a-902b-4b67-be7e-472c248fad05,1638491331,1197.0,25518.0,2021-12-03 00:30:48 UTC
1c6ca16a-902b-4b67-be7e-472c248fad05,1638491271,1150.0,25458.0,2021-12-03 00:30:48 UTC
1c6ca16a-902b-4b67-be7e-472c248fad05,1638491211,1182.0,25401.0,2021-12-03 00:30:48 UTC
1c6ca16a-902b-4b67-be7e-472c248fad05,1638491151,1111.0,25342.0,2021-12-03 00:30:48 UTC
1c6ca16a-902b-4b67-be7e-472c248fad05,1638491091,1125.0,25286.0,2021-12-03 00:24:52 UTC
1c6ca16a-902b-4b67-be7e-472c248fad05,1638491031,1133.0,25230.0,2021-12-03 00:24:52 UTC
1c6ca16a-902b-4b67-be7e-472c248fad05,1638490971,1214.0,25173.0,2021-12-03 00:24:52 UTC
1c6ca16a-902b-4b67-be7e-472c248fad05,1638490911,1204.0,25112.0,2021-12-03 00:24:52 UTC
1c6ca16a-902b-4b67-be7e-472c248fad05,1638490851,1172.0,25052.0,2021-12-03 00:24:52 UTC
1c6ca16a-902b-4b67-be7e-472c248fad05,1638490791,1143.0,24994.0,2021-12-03 00:24:52 UTC
1c6ca16a-902b-4b67-be7e-472c248fad05,1638490731,1154.0,24936.0,2021-12-03 00:24:52 UTC
1c6ca16a-902b-4b67-be7e-472c248fad05,1638490671,1150.0,24879.0,2021-12-03 00:24:52 UTC
1c6ca16a-902b-4b67-be7e-472c248fad05,1638490611,1101.0,24821.0,2021-12-03 00:24:52 UTC
1c6ca16a-902b-4b67-be7e-472c248fad05,1638490551,1157.0,24766.0,2021-12-03 00:24:52 UTC
1c6ca16a-902b-4b67-be7e-472c248fad05,1638490491,1108.0,24708.0,2021-12-03 00:24:52 UTC
1c6ca16a-902b-4b67-be7e-472c248fad05,1638490431,1161.0,24653.0,2021-12-03 00:24:52 UTC
1c6ca16a-902b-4b67-be7e-472c248fad05,1638490371,1175.0,24595.0,2021-12-03 00:12:52 UTC
1c6ca16a-902b-4b67-be7e-472c248fad05,1638490311,1083.0,24536.0,2021-12-03 00:12:52 UTC
1c6ca16a-902b-4b67-be7e-472c248fad05,1638490251,1094.0,24482.0,2021-12-03 00:12:52 UTC
1c6ca16a-902b-4b67-be7e-472c248fad05,1638490191,1094.0,24427.0,2021-12-03 00:12:52 UTC
1c6ca16a-902b-4b67-be7e-472c248fad05,1638490131,1143.0,24372.0,2021-12-03 00:12:52 UTC
1c6ca16a-902b-4b67-be7e-472c248fad05,1638490071,1150.0,24315.0,2021-12-03 00:12:52 UTC
1c6ca16a-902b-4b67-be7e-472c248fad05,1638490011,1150.0,24258.0,2021-12-03 00:12:52 UTC
1c6ca16a-902b-4b67-be7e-472c248fad05,1638489951,1076.0,24200.0,2021-12-03 00:12:52 UTC
1c6ca16a-902b-4b67-be7e-472c248fad05,1638489891,1165.0,24146.0,2021-12-03 00:12:52 UTC
1c6ca16a-902b-4b67-be7e-472c248fad05,1638489831,1125.0,24088.0,2021-12-03 00:12:52 UTC
1c6ca16a-902b-4b67-be7e-472c248fad05,1638489771,1005.0,24032.0,2021-12-03 00:12:52 UTC
1c6ca16a-902b-4b67-be7e-472c248fad05,1638489711,852.0,23981.0,2021-12-03 00:12:52 UTC
1c6ca16a-902b-4b67-be7e-472c248fad05,1638489651,699.0,23939.0,2021-12-03 00:00:54 UTC
1c6ca16a-902b-4b67-be7e-472c248fad05,1638489591,678.0,23904.0,2021-12-03 00:00:54 UTC
1c6ca16a-902b-4b67-be7e-472c248fad05,1638489531,753.0,23870.0,2021-12-03 00:00:54 UTC
1c6ca16a-902b-4b67-be7e-472c248fad05,1638489471,713.0,23832.0,2021-12-03 00:00:54 UTC
1c6ca16a-902b-4b67-be7e-472c248fad05,1638489411,728.0,23796.0,2021-12-03 00:00:54 UTC
1c6ca16a-902b-4b67-be7e-472c248fad05,1638489351,699.0,23760.0,2021-12-03 00:00:54 UTC
1c6ca16a-902b-4b67-be7e-472c248fad05,1638489291,717.0,23725.0,2021-12-02 23:54:52 UTC
1c6ca16a-902b-4b67-be7e-472c248fad05,1638489231,735.0,23689.0,2021-12-02 23:54:52 UTC
1c6ca16a-902b-4b67-be7e-472c248fad05,1638489171,681.0,23652.0,2021-12-02 23:54:52 UTC
1c6ca16a-902b-4b67-be7e-472c248fad05,1638489111,788.0,23618.0,2021-12-02 23:54:52 UTC
1c6ca16a-902b-4b67-be7e-472c248fad05,1638489051,735.0,23579.0,2021-12-02 23:54:52 UTC
1c6ca16a-902b-4b67-be7e-472c248fad05,1638488991,696.0,23542.0,2021-12-02 23:54:52 UTC
1c6ca16a-902b-4b67-be7e-472c248fad05,1638488931,756.0,23507.0,2021-12-02 23:54:52 UTC
1c6ca16a-902b-4b67-be7e-472c248fad05,1638488871,738.0,23470.0,2021-12-02 23:54:52 UTC
1c6ca16a-902b-4b67-be7e-472c248fad05,1638488811,760.0,23433.0,2021-12-02 23:54:52 UTC
1c6ca16a-902b-4b67-be7e-472c248fad05,1638488751,781.0,23395.0,2021-12-02 23:54:52 UTC
1c6ca16a-902b-4b67-be7e-472c248fad05,1638488691,753.0,23355.0,2021-12-02 23:54:52 UTC
1c6ca16a-902b-4b67-be7e-472c248fad05,1638488631,777.0,23318.0,2021-12-02 23:54:52 UTC
1c6ca16a-902b-4b67-be7e-472c248fad05,1638488571,738.0,23279.0,2021-12-02 23:42:52 UTC
1c6ca16a-902b-4b67-be7e-472c248fad05,1638488511,731.0,23242.0,2021-12-02 23:42:52 UTC
1c6ca16a-902b-4b67-be7e-472c248fad05,1638488451,710.0,23205.0,2021-12-02 23:42:52 UTC
1c6ca16a-902b-4b67-be7e-472c248fad05,1638488391,678.0,23170.0,2021-12-02 23:42:52 UTC
1c6ca16a-902b-4b67-be7e-472c248fad05,1638488331,660.0,23136.0,2021-12-02 23:42:52 UTC
1c6ca16a-902b-4b67-be7e-472c248fad05,1638488271,728.0,23103.0,2021-12-02 23:42:52 UTC
1c6ca16a-902b-4b67-be7e-472c248fad05,1638488211,721.0,23067.0,2021-12-02 23:42:52 UTC
1c6ca16a-902b-4b67-be7e-472c248fad05,1638488151,763.0,23030.0,2021-12-02 23:42:52 UTC
1c6ca16a-902b-4b67-be7e-472c248fad05,1638488091,717.0,22992.0,2021-12-02 23:42:52 UTC
1c6ca16a-902b-4b67-be7e-472c248fad05,1638488031,696.0,22956.0,2021-12-02 23:42:52 UTC
1c6ca16a-902b-4b67-be7e-472c248fad05,1638487971,753.0,22922.0,2021-12-02 23:42:52 UTC
1c6ca16a-902b-4b67-be7e-472c248fad05,1638487911,721.0,22884.0,2021-12-02 23:42:52 UTC
1c6ca16a-902b-4b67-be7e-472c248fad05,1638487851,731.0,22848.0,2021-12-02 23:30:52 UTC
1c6ca16a-902b-4b67-be7e-472c248fad05,1638487791,703.0,22811.0,2021-12-02 23:30:52 UTC
1c6ca16a-902b-4b67-be7e-472c248fad05,1638487731,671.0,22776.0,2021-12-02 23:30:52 UTC
1c6ca16a-902b-4b67-be7e-472c248fad05,1638487671,774.0,22743.0,2021-12-02 23:30:52 UTC
1c6ca16a-902b-4b67-be7e-472c248fad05,1638487611,721.0,22704.0,2021-12-02 23:30:52 UTC
1c6ca16a-902b-4b67-be7e-472c248fad05,1638487551,717.0,22668.0,2021-12-02 23:30:52 UTC
1c6ca16a-902b-4b67-be7e-472c248fad05,1638487491,753.0,22632.0,2021-12-02 23:24:53 UTC
1c6ca16a-902b-4b67-be7e-472c248fad05,1638487431,713.0,22594.0,2021-12-02 23:24:53 UTC
1c6ca16a-902b-4b67-be7e-472c248fad05,1638487371,717.0,22559.0,2021-12-02 23:24:53 UTC
1c6ca16a-902b-4b67-be7e-472c248fad05,1638487311,724.0,22523.0,2021-12-02 23:24:53 UTC
1c6ca16a-902b-4b67-be7e-472c248fad05,1638487251,767.0,22487.0,2021-12-02 23:24:53 UTC
1c6ca16a-902b-4b67-be7e-472c248fad05,1638487191,689.0,22448.0,2021-12-02 23:24:53 UTC
1c6ca16a-902b-4b67-be7e-472c248fad05,1638487131,770.0,22414.0,2021-12-02 23:24:53 UTC
1c6ca16a-902b-4b67-be7e-472c248fad05,1638487071,689.0,22375.0,2021-12-02 23:24:53 UTC
1c6ca16a-902b-4b67-be7e-472c248fad05,1638487011,760.0,22341.0,2021-12-02 23:24:53 UTC
1c6ca16a-902b-4b67-be7e-472c248fad05,1638486951,692.0,22303.0,2021-12-02 23:24:53 UTC
1c6ca16a-902b-4b67-be7e-472c248fad05,1638486891,728.0,22268.0,2021-12-02 23:24:53 UTC
1c6ca16a-902b-4b67-be7e-472c248fad05,1638486831,738.0,22232.0,2021-12-02 23:24:53 UTC
1c6ca16a-902b-4b67-be7e-472c248fad05,1638486771,774.0,22195.0,2021-12-02 23:12:53 UTC
1c6ca16a-902b-4b67-be7e-472c248fad05,1638486711,742.0,22156.0,2021-12-02 23:12:53 UTC
1c6ca16a-902b-4b67-be7e-472c248fad05,1638486651,674.0,22119.0,2021-12-02 23:12:53 UTC
1c6ca16a-902b-4b67-be7e-472c248fad05,1638486591,717.0,22085.0,2021-12-02 23:12:53 UTC
1c6ca16a-902b-4b67-be7e-472c248fad05,1638486531,703.0,22049.0,2021-12-02 23:12:53 UTC
1c6ca16a-902b-4b67-be7e-472c248fad05,1638486471,731.0,22014.0,2021-12-02 23:12:53 UTC
1c6ca16a-902b-4b67-be7e-472c248fad05,1638486411,696.0,21978.0,2021-12-02 23:12:53 UTC
1c6ca16a-902b-4b67-be7e-472c248fad05,1638486351,745.0,21943.0,2021-12-02 23:12:53 UTC
1c6ca16a-902b-4b67-be7e-472c248fad05,1638486291,678.0,21905.0,2021-12-02 23:12:53 UTC
1c6ca16a-902b-4b67-be7e-472c248fad05,1638486231,706.0,21871.0,2021-12-02 23:12:53 UTC
1c6ca16a-902b-4b67-be7e-472c248fad05,1638486171,664.0,21836.0,2021-12-02 23:12:53 UTC
1c6ca16a-902b-4b67-be7e-472c248fad05,1638486111,642.0,21803.0,2021-12-02 23:12:53 UTC
1c6ca16a-902b-4b67-be7e-472c248fad05,1638486051,618.0,21771.0,2021-12-02 23:01:26 UTC
1c6ca16a-902b-4b67-be7e-472c248fad05,1638485991,607.0,21740.0,2021-12-02 23:01:26 UTC
1c6ca16a-902b-4b67-be7e-472c248fad05,1638485931,621.0,21710.0,2021-12-02 23:01:26 UTC
1c6ca16a-902b-4b67-be7e-472c248fad05,1638485871,607.0,21678.0,2021-12-02 23:01:26 UTC
1c6ca16a-902b-4b67-be7e-472c248fad05,1638485811,596.0,21648.0,2021-12-02 23:01:26 UTC
1c6ca16a-902b-4b67-be7e-472c248fad05,1638485751,603.0,21618.0,2021-12-02 23:01:26 UTC
1c6ca16a-902b-4b67-be7e-472c248fad05,1638485691,596.0,21588.0,2021-12-02 22:54:52 UTC
1c6ca16a-902b-4b67-be7e-472c248fad05,1638485631,586.0,21558.0,2021-12-02 22:54:52 UTC
1c6ca16a-902b-4b67-be7e-472c248fad05,1638485571,642.0,21529.0,2021-12-02 22:54:52 UTC
1c6ca16a-902b-4b67-be7e-472c248fad05,1638485511,618.0,21497.0,2021-12-02 22:54:52 UTC
1c6ca16a-902b-4b67-be7e-472c248fad05,1638485451,614.0,21466.0,2021-12-02 22:54:52 UTC
1c6ca16a-902b-4b67-be7e-472c248fad05,1638485391,621.0,21435.0,2021-12-02 22:54:52 UTC
1c6ca16a-902b-4b67-be7e-472c248fad05,1638485331,642.0,21404.0,2021-12-02 22:54:52 UTC
1c6ca16a-902b-4b67-be7e-472c248fad05,1638485271,628.0,21372.0,2021-12-02 22:54:52 UTC
1c6ca16a-902b-4b67-be7e-472c248fad05,1638485211,628.0,21340.0,2021-12-02 22:54:52 UTC
1c6ca16a-902b-4b67-be7e-472c248fad05,1638485151,628.0,21309.0,2021-12-02 22:54:52 UTC
1c6ca16a-902b-4b67-be7e-472c248fad05,1638485091,582.0,21278.0,2021-12-02 22:54:52 UTC
1c6ca16a-902b-4b67-be7e-472c248fad05,1638485031,618.0,21248.0,2021-12-02 22:54:52 UTC
1c6ca16a-902b-4b67-be7e-472c248fad05,1638484971,614.0,21218.0,2021-12-02 22:42:52 UTC
1c6ca16a-902b-4b67-be7e-472c248fad05,1638484911,635.0,21187.0,2021-12-02 22:42:52 UTC
1c6ca16a-902b-4b67-be7e-472c248fad05,1638484851,610.0,21155.0,2021-12-02 22:42:52 UTC
1c6ca16a-902b-4b67-be7e-472c248fad05,1638484791,625.0,21124.0,2021-12-02 22:42:52 UTC
1c6ca16a-902b-4b67-be7e-472c248fad05,1638484731,639.0,21093.0,2021-12-02 22:42:52 UTC
1c6ca16a-902b-4b67-be7e-472c248fad05,1638484671,653.0,21061.0,2021-12-02 22:42:52 UTC
1c6ca16a-902b-4b67-be7e-472c248fad05,1638484611,582.0,21029.0,2021-12-02 22:42:52 UTC
1c6ca16a-902b-4b67-be7e-472c248fad05,1638484551,632.0,20999.0,2021-12-02 22:42:52 UTC
1c6ca16a-902b-4b67-be7e-472c248fad05,1638484491,568.0,20968.0,2021-12-02 22:42:52 UTC
1c6ca16a-902b-4b67-be7e-472c248fad05,1638484431,632.0,20939.0,2021-12-02 22:42:52 UTC
1c6ca16a-902b-4b67-be7e-472c248fad05,1638484371,667.0,20908.0,2021-12-02 22:42:52 UTC
1c6ca16a-902b-4b67-be7e-472c248fad05,1638484311,639.0,20874.0,2021-12-02 22:42:52 UTC
1c6ca16a-902b-4b67-be7e-472c248fad05,1638484251,575.0,20842.0,2021-12-02 22:31:03 UTC
1c6ca16a-902b-4b67-be7e-472c248fad05,1638484191,561.0,20814.0,2021-12-02 22:31:03 UTC
1c6ca16a-902b-4b67-be7e-472c248fad05,1638484131,614.0,20786.0,2021-12-02 22:31:03 UTC
1c6ca16a-902b-4b67-be7e-472c248fad05,1638484071,596.0,20755.0,2021-12-02 22:31:03 UTC
1c6ca16a-902b-4b67-be7e-472c248fad05,1638484011,603.0,20725.0,2021-12-02 22:31:03 UTC
1c6ca16a-902b-4b67-be7e-472c248fad05,1638483951,632.0,20695.0,2021-12-02 22:31:03 UTC
1c6ca16a-902b-4b67-be7e-472c248fad05,1638483891,557.0,20663.0,2021-12-02 22:24:52 UTC
1c6ca16a-902b-4b67-be7e-472c248fad05,1638483831,625.0,20635.0,2021-12-02 22:24:52 UTC
1c6ca16a-902b-4b67-be7e-472c248fad05,1638483771,582.0,20604.0,2021-12-02 22:24:52 UTC
1c6ca16a-902b-4b67-be7e-472c248fad05,1638483711,628.0,20575.0,2021-12-02 22:24:52 UTC
1c6ca16a-902b-4b67-be7e-472c248fad05,1638483651,618.0,20544.0,2021-12-02 22:24:52 UTC
1c6ca16a-902b-4b67-be7e-472c248fad05,1638483591,525.0,20513.0,2021-12-02 22:24:52 UTC
1c6ca16a-902b-4b67-be7e-472c248fad05,1638483531,578.0,20486.0,2021-12-02 22:24:52 UTC
1c6ca16a-902b-4b67-be7e-472c248fad05,1638483471,596.0,20457.0,2021-12-02 22:24:52 UTC
1c6ca16a-902b-4b67-be7e-472c248fad05,1638483411,621.0,20428.0,2021-12-02 22:24:52 UTC
1c6ca16a-902b-4b67-be7e-472c248fad05,1638483351,681.0,20397.0,2021-12-02 22:24:52 UTC
1c6ca16a-902b-4b67-be7e-472c248fad05,1638483291,586.0,20362.0,2021-12-02 22:24:52 UTC
1c6ca16a-902b-4b67-be7e-472c248fad05,1638483231,653.0,20333.0,2021-12-02 22:24:52 UTC
1c6ca16a-902b-4b67-be7e-472c248fad05,1638483171,593.0,20300.0,2021-12-02 22:12:52 UTC
1c6ca16a-902b-4b67-be7e-472c248fad05,1638483111,642.0,20271.0,2021-12-02 22:12:52 UTC
1c6ca16a-902b-4b67-be7e-472c248fad05,1638483051,642.0,20239.0,2021-12-02 22:12:52 UTC
1c6ca16a-902b-4b67-be7e-472c248fad05,1638482991,593.0,20206.0,2021-12-02 22:12:52 UTC
1c6ca16a-902b-4b67-be7e-472c248fad05,1638482931,614.0,20177.0,2021-12-02 22:12:52 UTC
1c6ca16a-902b-4b67-be7e-472c248fad05,1638482871,646.0,20146.0,2021-12-02 22:12:52 UTC
1c6ca16a-902b-4b67-be7e-472c248fad05,1638482811,610.0,20114.0,2021-12-02 22:12:52 UTC
1c6ca16a-902b-4b67-be7e-472c248fad05,1638482751,621.0,20083.0,2021-12-02 22:12:52 UTC
1c6ca16a-902b-4b67-be7e-472c248fad05,1638482691,664.0,20052.0,2021-12-02 22:12:52 UTC
1c6ca16a-902b-4b67-be7e-472c248fad05,1638482631,557.0,20019.0,2021-12-02 22:12:52 UTC
1c6ca16a-902b-4b67-be7e-472c248fad05,1638482571,625.0,19991.0,2021-12-02 22:12:52 UTC
1c6ca16a-902b-4b67-be7e-472c248fad05,1638482511,866.0,19960.0,2021-12-02 22:12:52 UTC
1c6ca16a-902b-4b67-be7e-472c248fad05,1638482451,1143.0,19916.0,2021-12-02 22:00:53 UTC
1c6ca16a-902b-4b67-be7e-472c248fad05,1638482391,1097.0,19859.0,2021-12-02 22:00:53 UTC
1c6ca16a-902b-4b67-be7e-472c248fad05,1638482331,1115.0,19804.0,2021-12-02 22:00:53 UTC
1c6ca16a-902b-4b67-be7e-472c248fad05,1638482271,1125.0,19749.0,2021-12-02 22:00:53 UTC
1c6ca16a-902b-4b67-be7e-472c248fad05,1638482211,1182.0,19692.0,2021-12-02 22:00:53 UTC
1c6ca16a-902b-4b67-be7e-472c248fad05,1638482151,1182.0,19633.0,2021-12-02 22:00:53 UTC
1c6ca16a-902b-4b67-be7e-472c248fad05,1638482091,1157.0,19574.0,2021-12-02 22:00:53 UTC
1c6ca16a-902b-4b67-be7e-472c248fad05,1638482031,1101.0,19516.0,2021-12-02 21:53:57 UTC
1c6ca16a-902b-4b67-be7e-472c248fad05,1638481971,1086.0,19461.0,2021-12-02 21:53:57 UTC
1c6ca16a-902b-4b67-be7e-472c248fad05,1638481911,1136.0,19407.0,2021-12-02 21:53:57 UTC
1c6ca16a-902b-4b67-be7e-472c248fad05,1638481851,1157.0,19350.0,2021-12-02 21:53:57 UTC
1c6ca16a-902b-4b67-be7e-472c248fad05,1638481791,1125.0,19292.0,2021-12-02 21:53:57 UTC
1c6ca16a-902b-4b67-be7e-472c248fad05,1638481731,1129.0,19236.0,2021-12-02 21:53:57 UTC
1c6ca16a-902b-4b67-be7e-472c248fad05,1638481671,1150.0,19179.0,2021-12-02 21:53:57 UTC
1c6ca16a-902b-4b67-be7e-472c248fad05,1638481611,1062.0,19122.0,2021-12-02 21:53:57 UTC
1c6ca16a-902b-4b67-be7e-472c248fad05,1638481551,1111.0,19069.0,2021-12-02 21:53:57 UTC
1c6ca16a-902b-4b67-be7e-472c248fad05,1638481491,1090.0,19013.0,2021-12-02 21:53:57 UTC
1c6ca16a-902b-4b67-be7e-472c248fad05,1638481431,1104.0,18958.0,2021-12-02 21:53:57 UTC
1c6ca16a-902b-4b67-be7e-472c248fad05,1638481371,1090.0,18903.0,2021-12-02 21:53:57 UTC
1c6ca16a-902b-4b67-be7e-472c248fad05,1638481311,1104.0,18849.0,2021-12-02 21:41:55 UTC
1c6ca16a-902b-4b67-be7e-472c248fad05,1638481251,1083.0,18793.0,2021-12-02 21:41:55 UTC
1c6ca16a-902b-4b67-be7e-472c248fad05,1638481191,1172.0,18739.0,2021-12-02 21:41:55 UTC
1c6ca16a-902b-4b67-be7e-472c248fad05,1638481131,1136.0,18681.0,2021-12-02 21:41:55 UTC
1c6ca16a-902b-4b67-be7e-472c248fad05,1638481071,1097.0,18624.0,2021-12-02 21:41:55 UTC
1c6ca16a-902b-4b67-be7e-472c248fad05,1638481011,1125.0,18569.0,2021-12-02 21:41:55 UTC
1c6ca16a-902b-4b67-be7e-472c248fad05,1638480951,1115.0,18513.0,2021-12-02 21:41:55 UTC
1c6ca16a-902b-4b67-be7e-472c248fad05,1638480891,1136.0,18457.0,2021-12-02 21:41:55 UTC
1c6ca16a-902b-4b67-be7e-472c248fad05,1638480831,1097.0,18400.0,2021-12-02 21:41:55 UTC
1c6ca16a-902b-4b67-be7e-472c248fad05,1638480771,1175.0,18345.0,2021-12-02 21:41:55 UTC
1c6ca16a-902b-4b67-be7e-472c248fad05,1638480711,1122.0,18286.0,2021-12-02 21:41:55 UTC
1c6ca16a-902b-4b67-be7e-472c248fad05,1638480651,1079.0,18230.0,2021-12-02 21:41:55 UTC
1c6ca16a-902b-4b67-be7e-472c248fad05,1638480591,1189.0,18176.0,2021-12-02 21:30:48 UTC
1c6ca16a-902b-4b67-be7e-472c248fad05,1638480531,1118.0,18117.0,2021-12-02 21:30:48 UTC
1c6ca16a-902b-4b67-be7e-472c248fad05,1638480471,1140.0,18061.0,2021-12-02 21:30:48 UTC
1c6ca16a-902b-4b67-be7e-472c248fad05,1638480411,1140.0,18004.0,2021-12-02 21:30:48 UTC
1c6ca16a-902b-4b67-be7e-472c248fad05,1638480351,1182.0,17947.0,2021-12-02 21:30:48 UTC
1c6ca16a-902b-4b67-be7e-472c248fad05,1638480291,1122.0,17888.0,2021-12-02 21:30:48 UTC
1c6ca16a-902b-4b67-be7e-472c248fad05,1638480231,1179.0,17832.0,2021-12-02 21:23:55 UTC
1c6ca16a-902b-4b67-be7e-472c248fad05,1638480171,1108.0,17773.0,2021-12-02 21:23:55 UTC
1c6ca16a-902b-4b67-be7e-472c248fad05,1638480111,1115.0,17717.0,2021-12-02 21:23:55 UTC
1c6ca16a-902b-4b67-be7e-472c248fad05,1638480051,1150.0,17661.0,2021-12-02 21:23:55 UTC
1c6ca16a-902b-4b67-be7e-472c248fad05,1638479991,1179.0,17604.0,2021-12-02 21:23:55 UTC
1c6ca16a-902b-4b67-be7e-472c248fad05,1638479931,1157.0,17545.0,2021-12-02 21:23:55 UTC
1c6ca16a-902b-4b67-be7e-472c248fad05,1638479871,1161.0,17487.0,2021-12-02 21:23:55 UTC
1c6ca16a-902b-4b67-be7e-472c248fad05,1638479811,1122.0,17429.0,2021-12-02 21:23:55 UTC
1c6ca16a-902b-4b67-be7e-472c248fad05,1638479751,1165.0,17373.0,2021-12-02 21:23:55 UTC
1c6ca16a-902b-4b67-be7e-472c248fad05,1638479691,1157.0,17315.0,2021-12-02 21:23:55 UTC
1c6ca16a-902b-4b67-be7e-472c248fad05,1638479631,1122.0,17257.0,2021-12-02 21:23:55 UTC
1c6ca16a-902b-4b67-be7e-472c248fad05,1638479571,1150.0,17201.0,2021-12-02 21:23:55 UTC
1c6ca16a-902b-4b67-be7e-472c248fad05,1638479511,1094.0,17143.0,2021-12-02 21:11:57 UTC
1c6ca16a-902b-4b67-be7e-472c248fad05,1638479451,1157.0,17088.0,2021-12-02 21:11:57 UTC
1c6ca16a-902b-4b67-be7e-472c248fad05,1638479391,1157.0,17030.0,2021-12-02 21:11:57 UTC
1c6ca16a-902b-4b67-be7e-472c248fad05,1638479331,1136.0,16973.0,2021-12-02 21:11:57 UTC
1c6ca16a-902b-4b67-be7e-472c248fad05,1638479271,1189.0,16916.0,2021-12-02 21:11:57 UTC
1c6ca16a-902b-4b67-be7e-472c248fad05,1638479211,1133.0,16856.0,2021-12-02 21:11:57 UTC
1c6ca16a-902b-4b67-be7e-472c248fad05,1638479151,1086.0,16800.0,2021-12-02 21:11:57 UTC
1c6ca16a-902b-4b67-be7e-472c248fad05,1638479091,1005.0,16745.0,2021-12-02 21:11:57 UTC
1c6ca16a-902b-4b67-be7e-472c248fad05,1638479031,888.0,16695.0,2021-12-02 21:11:57 UTC
1c6ca16a-902b-4b67-be7e-472c248fad05,1638478971,547.0,16651.0,2021-12-02 21:11:57 UTC
1c6ca16a-902b-4b67-be7e-472c248fad05,1638478911,333.0,16623.0,2021-12-02 21:11:57 UTC
1c6ca16a-902b-4b67-be7e-472c248fad05,1638478851,149.0,16607.0,2021-12-02 21:11:57 UTC
1c6ca16a-902b-4b67-be7e-472c248fad05,1638478791,149.0,16599.0,2021-12-02 21:00:50 UTC
1c6ca16a-902b-4b67-be7e-472c248fad05,1638478731,156.0,16592.0,2021-12-02 21:00:50 UTC
1c6ca16a-902b-4b67-be7e-472c248fad05,1638478671,159.0,16584.0,2021-12-02 21:00:50 UTC
1c6ca16a-902b-4b67-be7e-472c248fad05,1638478611,145.0,16576.0,2021-12-02 20:56:53 UTC
1c6ca16a-902b-4b67-be7e-472c248fad05,1638478551,138.0,16569.0,2021-12-02 20:56:53 UTC
1c6ca16a-902b-4b67-be7e-472c248fad05,1638478491,134.0,16562.0,2021-12-02 20:56:53 UTC
1c6ca16a-902b-4b67-be7e-472c248fad05,1638478431,149.0,16555.0,2021-12-02 20:56:53 UTC
1c6ca16a-902b-4b67-be7e-472c248fad05,1638478371,159.0,16547.0,2021-12-02 20:56:53 UTC
1c6ca16a-902b-4b67-be7e-472c248fad05,1638478311,138.0,16539.0,2021-12-02 20:56:53 UTC
1c6ca16a-902b-4b67-be7e-472c248fad05,1638478251,142.0,16532.0,2021-12-02 20:56:53 UTC
1c6ca16a-902b-4b67-be7e-472c248fad05,1638478191,149.0,16525.0,2021-12-02 20:56:53 UTC
1c6ca16a-902b-4b67-be7e-472c248fad05,1638478131,145.0,16518.0,2021-12-02 20:56:53 UTC
1c6ca16a-902b-4b67-be7e-472c248fad05,1638478071,159.0,16511.0,2021-12-02 20:56:53 UTC
1c6ca16a-902b-4b67-be7e-472c248fad05,1638478011,145.0,16503.0,2021-12-02 20:56:53 UTC
1c6ca16a-902b-4b67-be7e-472c248fad05,1638477951,159.0,16495.0,2021-12-02 20:56:53 UTC
1c6ca16a-902b-4b67-be7e-472c248fad05,1638477891,149.0,16487.0,2021-12-02 20:44:53 UTC
1c6ca16a-902b-4b67-be7e-472c248fad05,1638477831,152.0,16480.0,2021-12-02 20:44:53 UTC
1c6ca16a-902b-4b67-be7e-472c248fad05,1638477771,163.0,16472.0,2021-12-02 20:44:53 UTC
1c6ca16a-902b-4b67-be7e-472c248fad05,1638477711,134.0,16464.0,2021-12-02 20:44:53 UTC
1c6ca16a-902b-4b67-be7e-472c248fad05,1638477651,166.0,16457.0,2021-12-02 20:44:53 UTC
1c6ca16a-902b-4b67-be7e-472c248fad05,1638477591,156.0,16449.0,2021-12-02 20:44:53 UTC
1c6ca16a-902b-4b67-be7e-472c248fad05,1638477531,163.0,16441.0,2021-12-02 20:44:53 UTC
1c6ca16a-902b-4b67-be7e-472c248fad05,1638477471,156.0,16433.0,2021-12-02 20:44:53 UTC
1c6ca16a-902b-4b67-be7e-472c248fad05,1638477411,156.0,16425.0,2021-12-02 20:44:53 UTC
1c6ca16a-902b-4b67-be7e-472c248fad05,1638477351,149.0,16417.0,2021-12-02 20:44:53 UTC
1c6ca16a-902b-4b67-be7e-472c248fad05,1638477291,156.0,16410.0,2021-12-02 20:44:53 UTC
1c6ca16a-902b-4b67-be7e-472c248fad05,1638477231,163.0,16402.0,2021-12-02 20:44:53 UTC
1c6ca16a-902b-4b67-be7e-472c248fad05,1638477171,152.0,16394.0,2021-12-02 20:32:56 UTC
1c6ca16a-902b-4b67-be7e-472c248fad05,1638477111,156.0,16386.0,2021-12-02 20:32:56 UTC
1c6ca16a-902b-4b67-be7e-472c248fad05,1638477051,152.0,16378.0,2021-12-02 20:32:56 UTC
1c6ca16a-902b-4b67-be7e-472c248fad05,1638476991,159.0,16371.0,2021-12-02 20:32:56 UTC
1c6ca16a-902b-4b67-be7e-472c248fad05,1638476931,145.0,16363.0,2021-12-02 20:32:56 UTC
1c6ca16a-902b-4b67-be7e-472c248fad05,1638476871,159.0,16356.0,2021-12-02 20:32:56 UTC
1c6ca16a-902b-4b67-be7e-472c248fad05,1638476811,156.0,16348.0,2021-12-02 20:32:56 UTC
1c6ca16a-902b-4b67-be7e-472c248fad05,1638476751,142.0,16340.0,2021-12-02 20:32:56 UTC
1c6ca16a-902b-4b67-be7e-472c248fad05,1638476691,142.0,16333.0,2021-12-02 20:32:56 UTC
1c6ca16a-902b-4b67-be7e-472c248fad05,1638476631,159.0,16326.0,2021-12-02 20:32:56 UTC
1c6ca16a-902b-4b67-be7e-472c248fad05,1638476571,156.0,16318.0,2021-12-02 20:32:56 UTC
1c6ca16a-902b-4b67-be7e-472c248fad05,1638476511,142.0,16310.0,2021-12-02 20:32:56 UTC
1c6ca16a-902b-4b67-be7e-472c248fad05,1638476451,142.0,16303.0,2021-12-02 20:20:53 UTC
1c6ca16a-902b-4b67-be7e-472c248fad05,1638476391,138.0,16296.0,2021-12-02 20:20:53 UTC
1c6ca16a-902b-4b67-be7e-472c248fad05,1638476331,145.0,16289.0,2021-12-02 20:20:53 UTC
1c6ca16a-902b-4b67-be7e-472c248fad05,1638476271,138.0,16281.0,2021-12-02 20:20:53 UTC
1c6ca16a-902b-4b67-be7e-472c248fad05,1638476211,152.0,16274.0,2021-12-02 20:20:53 UTC
1c6ca16a-902b-4b67-be7e-472c248fad05,1638476151,152.0,16267.0,2021-12-02 20:20:53 UTC
1c6ca16a-902b-4b67-be7e-472c248fad05,1638476091,152.0,16259.0,2021-12-02 20:20:53 UTC
1c6ca16a-902b-4b67-be7e-472c248fad05,1638476031,152.0,16251.0,2021-12-02 20:20:53 UTC
1c6ca16a-902b-4b67-be7e-472c248fad05,1638475971,152.0,16244.0,2021-12-02 20:20:53 UTC
1c6ca16a-902b-4b67-be7e-472c248fad05,1638475911,152.0,16236.0,2021-12-02 20:20:53 UTC
1c6ca16a-902b-4b67-be7e-472c248fad05,1638475851,142.0,16229.0,2021-12-02 20:20:53 UTC
1c6ca16a-902b-4b67-be7e-472c248fad05,1638475791,142.0,16221.0,2021-12-02 20:20:53 UTC
1c6ca16a-902b-4b67-be7e-472c248fad05,1638475731,138.0,16214.0,2021-12-02 20:08:53 UTC
1c6ca16a-902b-4b67-be7e-472c248fad05,1638475671,159.0,16207.0,2021-12-02 20:08:53 UTC
1c6ca16a-902b-4b67-be7e-472c248fad05,1638475611,134.0,16199.0,2021-12-02 20:08:53 UTC
1c6ca16a-902b-4b67-be7e-472c248fad05,1638475551,152.0,16193.0,2021-12-02 20:08:53 UTC
1c6ca16a-902b-4b67-be7e-472c248fad05,1638475491,145.0,16185.0,2021-12-02 20:08:53 UTC
1c6ca16a-902b-4b67-be7e-472c248fad05,1638475431,152.0,16178.0,2021-12-02 20:08:53 UTC
1c6ca16a-902b-4b67-be7e-472c248fad05,1638475371,138.0,16170.0,2021-12-02 20:08:53 UTC
1c6ca16a-902b-4b67-be7e-472c248fad05,1638475311,152.0,16163.0,2021-12-02 20:08:53 UTC
1c6ca16a-902b-4b67-be7e-472c248fad05,1638475251,156.0,16156.0,2021-12-02 20:08:53 UTC
1c6ca16a-902b-4b67-be7e-472c248fad05,1638475191,145.0,16148.0,2021-12-02 20:08:53 UTC
1c6ca16a-902b-4b67-be7e-472c248fad05,1638475131,142.0,16140.0,2021-12-02 20:08:53 UTC
1c6ca16a-902b-4b67-be7e-472c248fad05,1638475071,152.0,16133.0,2021-12-02 20:08:53 UTC
1c6ca16a-902b-4b67-be7e-472c248fad05,1638475011,156.0,16126.0,2021-12-02 19:56:56 UTC
1c6ca16a-902b-4b67-be7e-472c248fad05,1638474951,159.0,16118.0,2021-12-02 19:56:56 UTC
1c6ca16a-902b-4b67-be7e-472c248fad05,1638474891,152.0,16110.0,2021-12-02 19:56:56 UTC
1c6ca16a-902b-4b67-be7e-472c248fad05,1638474831,152.0,16102.0,2021-12-02 19:56:56 UTC
1c6ca16a-902b-4b67-be7e-472c248fad05,1638474771,159.0,16095.0,2021-12-02 19:56:56 UTC
1c6ca16a-902b-4b67-be7e-472c248fad05,1638474711,142.0,16087.0,2021-12-02 19:56:56 UTC
1c6ca16a-902b-4b67-be7e-472c248fad05,1638474651,156.0,16080.0,2021-12-02 19:56:56 UTC
1c6ca16a-902b-4b67-be7e-472c248fad05,1638474591,149.0,16072.0,2021-12-02 19:56:56 UTC
1c6ca16a-902b-4b67-be7e-472c248fad05,1638474531,145.0,16064.0,2021-12-02 19:56:56 UTC
1c6ca16a-902b-4b67-be7e-472c248fad05,1638474471,152.0,16057.0,2021-12-02 19:56:56 UTC
1c6ca16a-902b-4b67-be7e-472c248fad05,1638474411,152.0,16049.0,2021-12-02 19:56:56 UTC
1c6ca16a-902b-4b67-be7e-472c248fad05,1638474351,149.0,16042.0,2021-12-02 19:56:56 UTC
1c6ca16a-902b-4b67-be7e-472c248fad05,1638474291,152.0,16034.0,2021-12-02 19:44:56 UTC
1c6ca16a-902b-4b67-be7e-472c248fad05,1638474231,149.0,16027.0,2021-12-02 19:44:56 UTC
1c6ca16a-902b-4b67-be7e-472c248fad05,1638474171,134.0,16019.0,2021-12-02 19:44:56 UTC
1c6ca16a-902b-4b67-be7e-472c248fad05,1638474111,159.0,16012.0,2021-12-02 19:44:56 UTC
1c6ca16a-902b-4b67-be7e-472c248fad05,1638474051,163.0,16004.0,2021-12-02 19:44:56 UTC
1c6ca16a-902b-4b67-be7e-472c248fad05,1638473991,152.0,15996.0,2021-12-02 19:44:56 UTC
1c6ca16a-902b-4b67-be7e-472c248fad05,1638473931,156.0,15989.0,2021-12-02 19:44:56 UTC
1c6ca16a-902b-4b67-be7e-472c248fad05,1638473871,142.0,15981.0,2021-12-02 19:44:56 UTC
1c6ca16a-902b-4b67-be7e-472c248fad05,1638473811,152.0,15974.0,2021-12-02 19:44:56 UTC
1c6ca16a-902b-4b67-be7e-472c248fad05,1638473751,134.0,15966.0,2021-12-02 19:44:56 UTC
1c6ca16a-902b-4b67-be7e-472c248fad05,1638473691,149.0,15959.0,2021-12-02 19:44:56 UTC
1c6ca16a-902b-4b67-be7e-472c248fad05,1638473631,159.0,15952.0,2021-12-02 19:44:56 UTC
1c6ca16a-902b-4b67-be7e-472c248fad05,1638473571,152.0,15944.0,2021-12-02 19:32:55 UTC
1c6ca16a-902b-4b67-be7e-472c248fad05,1638473511,156.0,15936.0,2021-12-02 19:32:55 UTC
1c6ca16a-902b-4b67-be7e-472c248fad05,1638473451,156.0,15928.0,2021-12-02 19:32:55 UTC
1c6ca16a-902b-4b67-be7e-472c248fad05,1638473391,156.0,15921.0,2021-12-02 19:32:55 UTC
1c6ca16a-902b-4b67-be7e-472c248fad05,1638473331,149.0,15913.0,2021-12-02 19:32:55 UTC
1c6ca16a-902b-4b67-be7e-472c248fad05,1638473271,149.0,15905.0,2021-12-02 19:32:55 UTC
1c6ca16a-902b-4b67-be7e-472c248fad05,1638473211,152.0,15898.0,2021-12-02 19:32:55 UTC
1c6ca16a-902b-4b67-be7e-472c248fad05,1638473151,163.0,15890.0,2021-12-02 19:32:55 UTC
1c6ca16a-902b-4b67-be7e-472c248fad05,1638473091,145.0,15882.0,2021-12-02 19:32:55 UTC
1c6ca16a-902b-4b67-be7e-472c248fad05,1638473031,149.0,15875.0,2021-12-02 19:32:55 UTC
1c6ca16a-902b-4b67-be7e-472c248fad05,1638472971,145.0,15867.0,2021-12-02 19:32:55 UTC
1c6ca16a-902b-4b67-be7e-472c248fad05,1638472911,152.0,15860.0,2021-12-02 19:32:55 UTC
1c6ca16a-902b-4b67-be7e-472c248fad05,1638472851,152.0,15852.0,2021-12-02 19:20:55 UTC
1c6ca16a-902b-4b67-be7e-472c248fad05,1638472791,149.0,15845.0,2021-12-02 19:20:55 UTC
1c6ca16a-902b-4b67-be7e-472c248fad05,1638472731,149.0,15837.0,2021-12-02 19:20:55 UTC
1c6ca16a-902b-4b67-be7e-472c248fad05,1638472671,159.0,15830.0,2021-12-02 19:20:55 UTC
1c6ca16a-902b-4b67-be7e-472c248fad05,1638472611,156.0,15822.0,2021-12-02 19:20:55 UTC
1c6ca16a-902b-4b67-be7e-472c248fad05,1638472551,145.0,15814.0,2021-12-02 19:20:55 UTC
1c6ca16a-902b-4b67-be7e-472c248fad05,1638472491,156.0,15807.0,2021-12-02 19:20:55 UTC
1c6ca16a-902b-4b67-be7e-472c248fad05,1638472431,163.0,15799.0,2021-12-02 19:20:55 UTC
1c6ca16a-902b-4b67-be7e-472c248fad05,1638472371,145.0,15791.0,2021-12-02 19:20:55 UTC
1c6ca16a-902b-4b67-be7e-472c248fad05,1638472311,159.0,15784.0,2021-12-02 19:20:55 UTC
1c6ca16a-902b-4b67-be7e-472c248fad05,1638472251,156.0,15776.0,2021-12-02 19:20:55 UTC
1c6ca16a-902b-4b67-be7e-472c248fad05,1638472191,152.0,15768.0,2021-12-02 19:20:55 UTC
1c6ca16a-902b-4b67-be7e-472c248fad05,1638472131,149.0,15760.0,2021-12-02 19:08:53 UTC
1c6ca16a-902b-4b67-be7e-472c248fad05,1638472071,142.0,15753.0,2021-12-02 19:08:53 UTC
1c6ca16a-902b-4b67-be7e-472c248fad05,1638472011,156.0,15746.0,2021-12-02 19:08:53 UTC
1c6ca16a-902b-4b67-be7e-472c248fad05,1638471951,152.0,15738.0,2021-12-02 19:08:53 UTC
1c6ca16a-902b-4b67-be7e-472c248fad05,1638471891,159.0,15730.0,2021-12-02 19:08:53 UTC
1c6ca16a-902b-4b67-be7e-472c248fad05,1638471831,156.0,15722.0,2021-12-02 19:08:53 UTC
1c6ca16a-902b-4b67-be7e-472c248fad05,1638471771,149.0,15714.0,2021-12-02 19:08:53 UTC
1c6ca16a-902b-4b67-be7e-472c248fad05,1638471711,152.0,15707.0,2021-12-02 19:08:53 UTC
1c6ca16a-902b-4b67-be7e-472c248fad05,1638471651,142.0,15699.0,2021-12-02 19:08:53 UTC
1c6ca16a-902b-4b67-be7e-472c248fad05,1638471591,134.0,15692.0,2021-12-02 19:08:53 UTC
1c6ca16a-902b-4b67-be7e-472c248fad05,1638471531,149.0,15685.0,2021-12-02 19:08:53 UTC
1c6ca16a-902b-4b67-be7e-472c248fad05,1638471471,145.0,15678.0,2021-12-02 19:08:53 UTC
1c6ca16a-902b-4b67-be7e-472c248fad05,1638471411,152.0,15671.0,2021-12-02 18:56:53 UTC
1c6ca16a-902b-4b67-be7e-472c248fad05,1638471351,145.0,15663.0,2021-12-02 18:56:53 UTC
1c6ca16a-902b-4b67-be7e-472c248fad05,1638471291,156.0,15656.0,2021-12-02 18:56:53 UTC
1c6ca16a-902b-4b67-be7e-472c248fad05,1638471231,145.0,15648.0,2021-12-02 18:56:53 UTC
1c6ca16a-902b-4b67-be7e-472c248fad05,1638471171,159.0,15641.0,2021-12-02 18:56:53 UTC
1c6ca16a-902b-4b67-be7e-472c248fad05,1638471111,159.0,15633.0,2021-12-02 18:56:53 UTC
1c6ca16a-902b-4b67-be7e-472c248fad05,1638471051,163.0,15625.0,2021-12-02 18:56:53 UTC
1c6ca16a-902b-4b67-be7e-472c248fad05,1638470991,156.0,15616.0,2021-12-02 18:56:53 UTC
1c6ca16a-902b-4b67-be7e-472c248fad05,1638470931,145.0,15609.0,2021-12-02 18:56:53 UTC
1c6ca16a-902b-4b67-be7e-472c248fad05,1638470871,149.0,15601.0,2021-12-02 18:56:53 UTC
1c6ca16a-902b-4b67-be7e-472c248fad05,1638470811,156.0,15594.0,2021-12-02 18:56:53 UTC
1c6ca16a-902b-4b67-be7e-472c248fad05,1638470751,152.0,15586.0,2021-12-02 18:56:53 UTC
1c6ca16a-902b-4b67-be7e-472c248fad05,1638470691,152.0,15578.0,2021-12-02 18:44:56 UTC
1c6ca16a-902b-4b67-be7e-472c248fad05,1638470631,145.0,15571.0,2021-12-02 18:44:56 UTC
1c6ca16a-902b-4b67-be7e-472c248fad05,1638470571,142.0,15563.0,2021-12-02 18:44:56 UTC
1c6ca16a-902b-4b67-be7e-472c248fad05,1638470511,156.0,15556.0,2021-12-02 18:44:56 UTC
1c6ca16a-902b-4b67-be7e-472c248fad05,1638470451,163.0,15549.0,2021-12-02 18:44:56 UTC
1c6ca16a-902b-4b67-be7e-472c248fad05,1638470391,145.0,15540.0,2021-12-02 18:44:56 UTC
1c6ca16a-902b-4b67-be7e-472c248fad05,1638470331,156.0,15533.0,2021-12-02 18:44:56 UTC
1c6ca16a-902b-4b67-be7e-472c248fad05,1638470271,159.0,15525.0,2021-12-02 18:44:56 UTC
1c6ca16a-902b-4b67-be7e-472c248fad05,1638470211,145.0,15517.0,2021-12-02 18:44:56 UTC
1c6ca16a-902b-4b67-be7e-472c248fad05,1638470151,156.0,15510.0,2021-12-02 18:44:56 UTC
1c6ca16a-902b-4b67-be7e-472c248fad05,1638470091,138.0,15502.0,2021-12-02 18:44:56 UTC
1c6ca16a-902b-4b67-be7e-472c248fad05,1638470031,142.0,15495.0,2021-12-02 18:44:56 UTC
1c6ca16a-902b-4b67-be7e-472c248fad05,1638469971,145.0,15488.0,2021-12-02 18:32:53 UTC
1c6ca16a-902b-4b67-be7e-472c248fad05,1638469911,198.0,15481.0,2021-12-02 18:32:53 UTC
1c6ca16a-902b-4b67-be7e-472c248fad05,1638469851,493.0,15471.0,2021-12-02 18:32:53 UTC
1c6ca16a-902b-4b67-be7e-472c248fad05,1638469791,451.0,15446.0,2021-12-02 18:32:53 UTC
1c6ca16a-902b-4b67-be7e-472c248fad05,1638469731,394.0,15424.0,2021-12-02 18:32:53 UTC
1c6ca16a-902b-4b67-be7e-472c248fad05,1638469671,419.0,15404.0,2021-12-02 18:32:53 UTC
1c6ca16a-902b-4b67-be7e-472c248fad05,1638469611,475.0,15383.0,2021-12-02 18:32:53 UTC
1c6ca16a-902b-4b67-be7e-472c248fad05,1638469551,426.0,15359.0,2021-12-02 18:32:53 UTC
1c6ca16a-902b-4b67-be7e-472c248fad05,1638469491,390.0,15338.0,2021-12-02 18:32:53 UTC
1c6ca16a-902b-4b67-be7e-472c248fad05,1638469431,404.0,15318.0,2021-12-02 18:32:53 UTC
1c6ca16a-902b-4b67-be7e-472c248fad05,1638469371,507.0,15298.0,2021-12-02 18:32:53 UTC
1c6ca16a-902b-4b67-be7e-472c248fad05,1638469311,422.0,15273.0,2021-12-02 18:32:53 UTC
1c6ca16a-902b-4b67-be7e-472c248fad05,1638469251,415.0,15252.0,2021-12-02 18:20:54 UTC
1c6ca16a-902b-4b67-be7e-472c248fad05,1638469191,468.0,15231.0,2021-12-02 18:20:54 UTC
1c6ca16a-902b-4b67-be7e-472c248fad05,1638469131,426.0,15207.0,2021-12-02 18:20:54 UTC
1c6ca16a-902b-4b67-be7e-472c248fad05,1638469071,369.0,15186.0,2021-12-02 18:20:54 UTC
1c6ca16a-902b-4b67-be7e-472c248fad05,1638469011,451.0,15168.0,2021-12-02 18:20:54 UTC
1c6ca16a-902b-4b67-be7e-472c248fad05,1638468951,493.0,15145.0,2021-12-02 18:20:54 UTC
1c6ca16a-902b-4b67-be7e-472c248fad05,1638468891,429.0,15120.0,2021-12-02 18:20:54 UTC
1c6ca16a-902b-4b67-be7e-472c248fad05,1638468831,404.0,15099.0,2021-12-02 18:20:54 UTC
1c6ca16a-902b-4b67-be7e-472c248fad05,1638468771,607.0,15079.0,2021-12-02 18:20:54 UTC
1c6ca16a-902b-4b67-be7e-472c248fad05,1638468711,614.0,15048.0,2021-12-02 18:20:54 UTC
1c6ca16a-902b-4b67-be7e-472c248fad05,1638468651,593.0,15018.0,2021-12-02 18:20:54 UTC
1c6ca16a-902b-4b67-be7e-472c248fad05,1638468591,564.0,14988.0,2021-12-02 18:20:54 UTC
1c6ca16a-902b-4b67-be7e-472c248fad05,1638468531,376.0,14960.0,2021-12-02 18:08:56 UTC
1c6ca16a-902b-4b67-be7e-472c248fad05,1638468471,486.0,14941.0,2021-12-02 18:08:56 UTC
1c6ca16a-902b-4b67-be7e-472c248fad05,1638468411,454.0,14916.0,2021-12-02 18:08:56 UTC
1c6ca16a-902b-4b67-be7e-472c248fad05,1638468351,401.0,14894.0,2021-12-02 18:08:56 UTC
1c6ca16a-902b-4b67-be7e-472c248fad05,1638468291,380.0,14874.0,2021-12-02 18:08:56 UTC
1c6ca16a-902b-4b67-be7e-472c248fad05,1638468231,369.0,14855.0,2021-12-02 18:08:56 UTC
1c6ca16a-902b-4b67-be7e-472c248fad05,1638468171,589.0,14836.0,2021-12-02 18:08:56 UTC
1c6ca16a-902b-4b67-be7e-472c248fad05,1638468111,547.0,14807.0,2021-12-02 18:08:56 UTC
1c6ca16a-902b-4b67-be7e-472c248fad05,1638468051,632.0,14779.0,2021-12-02 18:08:56 UTC
1c6ca16a-902b-4b67-be7e-472c248fad05,1638467991,607.0,14748.0,2021-12-02 18:08:56 UTC
1c6ca16a-902b-4b67-be7e-472c248fad05,1638467931,593.0,14717.0,2021-12-02 18:08:56 UTC
1c6ca16a-902b-4b67-be7e-472c248fad05,1638467871,664.0,14688.0,2021-12-02 18:08:56 UTC
1c6ca16a-902b-4b67-be7e-472c248fad05,1638467811,401.0,14655.0,2021-12-02 17:56:56 UTC
1c6ca16a-902b-4b67-be7e-472c248fad05,1638467751,486.0,14634.0,2021-12-02 17:56:56 UTC
1c6ca16a-902b-4b67-be7e-472c248fad05,1638467691,507.0,14610.0,2021-12-02 17:56:56 UTC
1c6ca16a-902b-4b67-be7e-472c248fad05,1638467631,607.0,14585.0,2021-12-02 17:56:56 UTC
1c6ca16a-902b-4b67-be7e-472c248fad05,1638467571,507.0,14554.0,2021-12-02 17:56:56 UTC
1c6ca16a-902b-4b67-be7e-472c248fad05,1638467511,575.0,14529.0,2021-12-02 17:56:56 UTC
1c6ca16a-902b-4b67-be7e-472c248fad05,1638467451,568.0,14500.0,2021-12-02 17:56:56 UTC
1c6ca16a-902b-4b67-be7e-472c248fad05,1638467391,561.0,14472.0,2021-12-02 17:56:56 UTC
1c6ca16a-902b-4b67-be7e-472c248fad05,1638467331,582.0,14444.0,2021-12-02 17:56:56 UTC
1c6ca16a-902b-4b67-be7e-472c248fad05,1638467271,589.0,14415.0,2021-12-02 17:56:56 UTC
1c6ca16a-902b-4b67-be7e-472c248fad05,1638467211,404.0,14385.0,2021-12-02 17:56:56 UTC
1c6ca16a-902b-4b67-be7e-472c248fad05,1638467151,451.0,14365.0,2021-12-02 17:56:56 UTC
1c6ca16a-902b-4b67-be7e-472c248fad05,1638467091,433.0,14342.0,2021-12-02 17:44:56 UTC
1c6ca16a-902b-4b67-be7e-472c248fad05,1638467031,458.0,14321.0,2021-12-02 17:44:56 UTC
1c6ca16a-902b-4b67-be7e-472c248fad05,1638466971,571.0,14298.0,2021-12-02 17:44:56 UTC
1c6ca16a-902b-4b67-be7e-472c248fad05,1638466911,564.0,14269.0,2021-12-02 17:44:56 UTC
1c6ca16a-902b-4b67-be7e-472c248fad05,1638466851,564.0,14241.0,2021-12-02 17:44:56 UTC
1c6ca16a-902b-4b67-be7e-472c248fad05,1638466791,578.0,14213.0,2021-12-02 17:44:56 UTC
1c6ca16a-902b-4b67-be7e-472c248fad05,1638466731,522.0,14184.0,2021-12-02 17:44:56 UTC
1c6ca16a-902b-4b67-be7e-472c248fad05,1638466671,561.0,14158.0,2021-12-02 17:44:56 UTC
1c6ca16a-902b-4b67-be7e-472c248fad05,1638466611,547.0,14130.0,2021-12-02 17:44:56 UTC
1c6ca16a-902b-4b67-be7e-472c248fad05,1638466551,586.0,14102.0,2021-12-02 17:44:56 UTC
1c6ca16a-902b-4b67-be7e-472c248fad05,1638466491,582.0,14073.0,2021-12-02 17:44:56 UTC
1c6ca16a-902b-4b67-be7e-472c248fad05,1638466431,635.0,14044.0,2021-12-02 17:44:56 UTC
1c6ca16a-902b-4b67-be7e-472c248fad05,1638466371,635.0,14012.0,2021-12-02 17:32:53 UTC
1c6ca16a-902b-4b67-be7e-472c248fad05,1638466311,603.0,13980.0,2021-12-02 17:32:53 UTC
1c6ca16a-902b-4b67-be7e-472c248fad05,1638466251,575.0,13950.0,2021-12-02 17:32:53 UTC
1c6ca16a-902b-4b67-be7e-472c248fad05,1638466191,539.0,13921.0,2021-12-02 17:32:53 UTC
1c6ca16a-902b-4b67-be7e-472c248fad05,1638466131,543.0,13894.0,2021-12-02 17:32:53 UTC
1c6ca16a-902b-4b67-be7e-472c248fad05,1638466071,554.0,13867.0,2021-12-02 17:32:53 UTC
1c6ca16a-902b-4b67-be7e-472c248fad05,1638466011,525.0,13839.0,2021-12-02 17:32:53 UTC
1c6ca16a-902b-4b67-be7e-472c248fad05,1638465951,564.0,13813.0,2021-12-02 17:32:53 UTC
1c6ca16a-902b-4b67-be7e-472c248fad05,1638465891,600.0,13785.0,2021-12-02 17:32:53 UTC
1c6ca16a-902b-4b67-be7e-472c248fad05,1638465831,628.0,13755.0,2021-12-02 17:32:53 UTC
1c6ca16a-902b-4b67-be7e-472c248fad05,1638465771,621.0,13723.0,2021-12-02 17:32:53 UTC
1c6ca16a-902b-4b67-be7e-472c248fad05,1638465711,582.0,13692.0,2021-12-02 17:32:53 UTC
1c6ca16a-902b-4b67-be7e-472c248fad05,1638465651,603.0,13663.0,2021-12-02 17:20:56 UTC
1c6ca16a-902b-4b67-be7e-472c248fad05,1638465591,593.0,13633.0,2021-12-02 17:20:56 UTC
1c6ca16a-902b-4b67-be7e-472c248fad05,1638465531,554.0,13603.0,2021-12-02 17:20:56 UTC
1c6ca16a-902b-4b67-be7e-472c248fad05,1638465471,532.0,13576.0,2021-12-02 17:20:56 UTC
1c6ca16a-902b-4b67-be7e-472c248fad05,1638465411,561.0,13549.0,2021-12-02 17:20:56 UTC
1c6ca16a-902b-4b67-be7e-472c248fad05,1638465351,493.0,13521.0,2021-12-02 17:20:56 UTC
1c6ca16a-902b-4b67-be7e-472c248fad05,1638465291,547.0,13496.0,2021-12-02 17:20:56 UTC
1c6ca16a-902b-4b67-be7e-472c248fad05,1638465231,539.0,13469.0,2021-12-02 17:20:56 UTC
1c6ca16a-902b-4b67-be7e-472c248fad05,1638465171,603.0,13442.0,2021-12-02 17:20:56 UTC
1c6ca16a-902b-4b67-be7e-472c248fad05,1638465111,596.0,13412.0,2021-12-02 17:20:56 UTC
1c6ca16a-902b-4b67-be7e-472c248fad05,1638465051,593.0,13382.0,2021-12-02 17:20:56 UTC
1c6ca16a-902b-4b67-be7e-472c248fad05,1638464991,639.0,13352.0,2021-12-02 17:20:56 UTC
1c6ca16a-902b-4b67-be7e-472c248fad05,1638464931,568.0,13320.0,2021-12-02 17:08:56 UTC
1c6ca16a-902b-4b67-be7e-472c248fad05,1638464871,532.0,13292.0,2021-12-02 17:08:56 UTC
1c6ca16a-902b-4b67-be7e-472c248fad05,1638464811,593.0,13265.0,2021-12-02 17:08:56 UTC
1c6ca16a-902b-4b67-be7e-472c248fad05,1638464751,575.0,13235.0,2021-12-02 17:08:56 UTC
1c6ca16a-902b-4b67-be7e-472c248fad05,1638464691,568.0,13207.0,2021-12-02 17:08:56 UTC
1c6ca16a-902b-4b67-be7e-472c248fad05,1638464631,568.0,13178.0,2021-12-02 17:08:56 UTC
1c6ca16a-902b-4b67-be7e-472c248fad05,1638464571,610.0,13150.0,2021-12-02 17:08:56 UTC
1c6ca16a-902b-4b67-be7e-472c248fad05,1638464511,614.0,13119.0,2021-12-02 17:08:56 UTC
1c6ca16a-902b-4b67-be7e-472c248fad05,1638464451,571.0,13089.0,2021-12-02 17:08:56 UTC
